StrippedName,SourceTitle,SourceASIN,AliasCounts,AliasNames,EcwidSKU,AmazonSKU,eBaySKU
Rock Band 3 with Wired X-Plorer Guitar video game,Rock Band 3 with Wired X-Plorer Guitar Bundle,1403779562,1,,,JD-K49H-5DU4,
Factory-renewed Bose VCS-10 Center Channel Speaker,Factory-renewed Bose VCS-10 Center Channel Speaker - Black,B00005T3NH,8,"Factory-renewed Bose VCS-10 Center Channel Speaker - Black
Bose VCS-10 Center Channel Speaker, Black
Bose VCS-10 Center Channel Speaker - Black - ""B"" Grade
Set 2 Bose VCS-10 Center Channel Speaker (Black) Tested - ""B"" Grade",01279-B,"0U-EA2V-4W13
B2-A9CG-UIK1
ZB-AFHB-Y58D
ZS-94YE-3U3C","MEKONG_154572446665
MEKONG_157213252819
MEKONG_157222516861"
BOSE R Zone-2 Kit Room Extender,BOSE (R) Zone-2 Kit Room Extender,B000067O94,1,,,VL-M7TN-BV1J,
Bose 201 Series IV,Bose 201 Series IV,B00006HO4Y,5,"Bose 201 Series IV
Bose 201 Series IV speaker system
Bose 201 Series IV Bookshelf Speakers -  Black",01246,"R7-WR4U-9N6C
SN-VPFV-OMQ3","DRAGON_257184195892
DRAGON_267227846481"
Bose WB-3 Bookshelf Speaker Wall Brackets,Bose� WB-3 Bookshelf Speaker Wall Brackets (Pair) � Black,B00006HO59,4,"Bose® WB-3 Bookshelf Speaker Wall Brackets (Pair)  Black
WB-3 Bookshelf Speaker Wall Brackets (Pair)  for Bose 201 and 301  Speakers",,"5S-B45M-RI3Q
8T-A56R-1KHI
JR-C9N0-US6W",DRAGON_267235687031
Bose 151 Environmental Speaker with Brackets,Bose 151 Environmental Speaker Pair with Brackets (Black),B00006I539,16,"Bose 151 Environmental Speaker Pair with Brackets (Black)
Bose 151 Environmental Speaker Pair with Brackets
Bose 151 Environmental Speaker Pair with Brackets - White","00840
00840-B
00840-BL","22-ZADD-U0F6
3I-6PZF-KYE1
3V-OW2E-LOA9
DZ-VPKS-TNHV
H2-XEVW-ZDV0
IF-UI8G-9BWC
J4-QVJP-GXO0
PG-K9QT-PT7K
QX-HY65-52IN
RD-Y5DR-4L94
TL-6BLE-BF1B
XT-21G6-GU8O",MEKONG_157375974862
Bose 201-V Stereo Loudspeakers,Bose 201-V Stereo Loudspeakers (Pair) - Black,B00006L7RT,7,"Bose 201-V Stereo Loudspeakers (Pair) - Black
BOSE 201-V Stereo Loudspeakers Pair
BOSE 201-V Stereo Loudspeakers (Pair)
Bose 201-V Stereo Loudspeakers (Pair) - Cherry",01257,"1T-QXW6-SIGH
BB-RLRZ-J0GE
HO-9EQJ-40R4
T2-ENP1-0DEE
TS-RWM9-U75O",DRAGON_267459020324
Bose 151 Indoor Outdoor Speaker,Bose 151 Indoor/Outdoor Speaker Pair (White),B00007AJ8B,12,"Bose 151 Indoor/Outdoor Speaker Pair (White)
Bose 151 Indoor/Outdoor Speaker Pair - White",00840-W,"0V-67IY-8A9E
8F-VBG0-DB0S
8K-PJTL-U9GG
B1-Y7L8-QEMI
C7-63RX-1CO8
L0-YRJ2-E5WE
PJ-TZRB-10VJ
PT-D051-M7LE
PX-J7AV-6HPR","DRAGON_267459010323
MEKONG_157309014481"
Bose FS-1 Bookshelf Speaker floorstands and,Bose� FS-1 Bookshelf Speaker floorstands (Pair) � Black and Silver,B0000E6GHH,1,,,ZA-ZP6T-KO8Q,
Bose Companion 3 Multimedia Speaker System,Bose Companion 3 Multimedia Speaker System - Graphite / Silver,B00011CNWG,7,Bose Companion 3 Multimedia Speaker System - Graphite / Silver,00983,"2G-AY3S-LW4C
IK-N95G-0PPN
JB-CKCP-YORR
UV-D72W-9ZG9
WR-N0HV-8BO8",DRAGON_257184468271
Bose Wave Audio System Radio Cd,Bose Wave - Audio System - Radio / Cd - Graphite Gray,B00021Y9N6,8,"Bose Wave - Audio System - Radio / Cd - Graphite Gray
Bose Wave - Audio System - Radio/Cd - Graphite Gray
Bose Wave - Audio System - Radio / Cd - Graphite Gray  B00021Y9N6
Bose Wave - Audio System - Radio / Cd - Graphite Gray -  with remote control
Bose Wave - Audio System - Radio / Cd - Graphite Gray -  with Bluetooth Adapter",04886,"6Z-702H-VZIQ
CH-J58C-STS8
J3-6I5X-FUDU","DRAGON_256324632926
DRAGON_267422994690
DRAGON_267453838780
USAV_364273040815"
Bose R Lifestyle 38 DVD Home Entertainment System,Bose(R) Lifestyle 38 DVD Home Entertainment System,B0002F94UA,3,"Bose(R) Lifestyle 38 DVD Home Entertainment System
Bose Lifestyle 38 DVD Home Entertainment System w/ 5 Speakers & Remote",,"1X-GPD5-TMWA
3L-PHG1-XUQX",DRAGON_267453897657
Lifestyle SA-2 Amplifier,Lifestyle SA-2 Amplifier,B0002JUH34,4,"Bose Lifestyle SA-2 amplifier
Bose Lifestyle SA-2 amplifier with Bose Link Cable",00964,G5-KIVB-FN7C,"DRAGON_265770328489
DRAGON_266213923136"
Bose R 321 GS Series II DVD Home Entertainment System,Bose(R) 321 GS Series II DVD Home Entertainment System - Graphite,B0002JY6SG,7,"Bose(R) 321 GS Series II DVD Home Entertainment System - Graphite
Bose(R) 321 GS Series II DVD Home Entertainment System - Silver
Bose 321 GS Series II DVD Home Entertainment System Graphite Refurbished",,"3K-00K1-JROP
BJ-ITV0-YAK3
EB-94AI-05LZ
HK0-3AK-Y7D
HM-HXQM-4WIL
PB-O62Z-J40O",DRAGON_257191612177
BOSE R 321 Series II DVD Home Entertainment System,BOSE(R) 321 Series II DVD Home Entertainment System Graphite,B0002JY6T0,10,"BOSE(R) 321 Series II DVD Home Entertainment System Graphite
Bose 321 Series II DVD Home Entertainment System  w HDMI upgrade kit
Bose 321 Series II Home Entertainment System","00000
03764","1G-Y8ET-1P0I
1I-EAWP-TTEB
SI-IINF-C5H2
U9-FR0I-WZ24
Z8-IRPF-WXDU
ZL-POMP-Y7A0","MEKONG_154910765418
USAV_364276010018"
Bose Companion 2 Multimedia Speaker System,Bose Companion 2; Multimedia Speaker System,B00062QY5W,5,Bose Companion 2; Multimedia Speaker System,05005,"05005-N
2C-P077-AMRT
EY-6TJ0-OSQN
OV-9GWB-RT0T",
Bose 141 Fullrange Bookshelf Speakers,Bose 141 Pair Fullrange Bookshelf Speakers,B00091U9YW,6,"Bose 141 Pair Fullrange Bookshelf Speakers
Bose 141 Pair Fullrange Bookshelf Speakers (pair, grey)
Bose 141 Pair Fullrange Bookshelf Speakers (pair, black)
Bose 141 Bookshelf Speakers Pair Fullrange Grey","00976-B
00976-G","FO-CXRD-ZIH0
FS-SNYY-KI74
US-I68P-Y7U4",DRAGON_267460045364
Bose Wave Radio II,Bose Wave Radio II - Platinum White,B0009I94LE,4,"Bose Wave Radio II - Platinum White
Bose Wave Radio II - Platinum White ",00973-W,"H1-XYGR-KEAA
SG-P7WM-SJOJ",MEKONG_155105046872
Bose Wave Radio II W,Bose Wave Radio II Graphite Gray W/ Remote,B0009I95X6,9,"Bose Wave Radio II Graphite Gray W/ Remote
Bose Wave Radio II Graphite Gray W/ Remote and OEM Bluetooth Adapter  ",00969,"02-1RZV-RY1P
1L-S5X2-SXKD
7S-Y7AY-KJBI
82-3TAG-QJB7
PU-UF5G-GPN6
QO-YDSU-OXC4
VL-8N05-WNLM",MEKONG_154804086727
Bose Wave Radio and CD Player AWRC-1P,Bose Wave Radio and CD Player AWRC-1P White,B0009I9AY0,6,"Bose Wave Radio and CD Player AWRC-1P White
Bose Wave Radio and CD Player AWRC-1P
Bose Wave AM/FM Radio CD Player AWRC-1P  White  Top/Lid Control panel only
Bose Wave Radio/CD Remote Control for Model AWRC-1P, White",00968-W,"0H-OV8Z-N3Z6
C5-E45H-E61H
ZO-8RWE-87NV","DRAGON_257229027000
USAV_363699381056"
Bose Link AL8 homewide Wireless Audio Link,Bose� Link AL8 homewide Wireless Audio Link,B0009JEZTY,3,Bose® Link AL8 homewide Wireless Audio Link,01812,"01812
SR-XDQU-W1CP",
Bose CineMate Digital 2 1 Channel Home Theater Speaker System Open Box,Bose CineMate Digital 2.1 Channel Home Theater Speaker System - New Open Box,B000A0QIEC,5,"Bose CineMate Digital 2.1 Channel Home Theater Speaker System - New Open Box
Bose CineMate Digital 2.1 Channel Home Theater Speaker System",00974,"5W-6K7M-GSLF
7Y-7ZAV-3ZNW
ES-GMLL-Y2EV",DRAGON_257183283368
Guitar Hero with Guitar video game,Guitar Hero (Bundle with Guitar),B000BU8YA2,2,PS2 Guitar Hero (Bundle with Guitar,04930-N,04930-N,
Bose Wave Music System Multi-CD Changer,"Bose Wave Music System Multi-CD Changer, Platinum White",B000C4ATGY,25,"Bose® Wave® Music System Multi-CD Changer, Titanium Silver
Bose Wave Music System Multi-CD Changer, Platinum White
Bose® Wave® Music System Multi-CD Changer, Graphite Gray
Bose Wave Music System Multi-CD Changer, Titanium Silver
Wave® Multi-CD Changer - Platinum White
Bose Wave Music System Multi-CD Changer Titanium Silver  In ORIGINAL BOX
Wave® Multi-CD Changer - Titanium Silver
Replacement Bose Wave Music System  for Bose Wave Music System Multi-CD Changer
Bose® Wave® Music System AWRCC1 Multi-CD Changer, Graphite Gray
Bose Wave Music System AWRCC2 Multi-CD Changer, Platinum White
REPAIR SERVICE for Bose Wave Music System Multi-CD Changer
Bose Wave Music System Multi CD Changer  Bottom Cover Only
Wave Multi-CD Changer - Graphite Gray
Bose Wave Music System Multi CD Changer Accessory Silver *TOP COVER ONLY*","00977-S
00977-W
01175
01681
01698","04994-N
60-IXG4-7UMF
6S-MWF7-NBXH
7X-G78N-37VV
AT-NE6D-S5UA
AY-7M0H-HGR9
F9-RXCT-8SQO
HA-L3HH-QXAK
K3-7C05-S89P
NF-UGFY-G5O0
NQ-U656-7FZF
PJ-N8IE-TIWU
SP-MWMN-6N4V
UL-AZN2-7VBU","DRAGON_256454168240
DRAGON_266038489584
DRAGON_266089918955
MEKONG_156090156892
MEKONG_156130082446
USAV_364275787508"
Bose Acoustimass 10 Series IV Home Entertainment Speaker System,Bose Acoustimass 10 Series IV Home Entertainment Speaker System - Black,B000GFPTQY,7,"Bose Acoustimass 10 Series IV Home Entertainment Speaker System - Black
Bose Acoustimass 10 Series IV Home Entertainment Speaker System (Black)
Bose Acoustimass 10 Series IV Home Theater Speaker System Black",00800-B,"2P-FF0A-5C9E
I5-ZGYN-JUVC
I9-ZF7O-5566
SO-5AI7-695H","DRAGON_257191611947
MEKONG_156181178396"
Bose Companion 3 Series II multimedia speaker system,Bose Companion 3 Series II multimedia speaker system (Graphite/Silver),B000HZBR64,7,"Bose Companion 3 Series II Multimedia Speaker System
Bose Companion 3 Series II multimedia speaker system (Graphite/Silver)",01825,"9T-2ZRY-N2JD
MR-QR91-NZDD
PZ-S0NW-RBQA
U2-9854-C837
VT-SNAM-HNPV
YR-HAFM-JLUL",
Bose Companion 2 Series II Multimedia Speaker System,Bose Companion 2 Series II Multimedia Speaker System,B000HZDF8W,6,Bose Companion 2 Series II Multimedia Speaker System,04898,"4C-2AIZ-KXCY
LV-OE1H-IRFS
MU-1GAB-PSAO
YL-O88T-TRTV
ZE-F54M-H814",
Bose 40390 SL2 wireless surround link,Bose (40390) SL2 wireless surround link,B000I5PGLU,5,"Bose (40390) SL2 wireless surround link
Bose 40390 SL2 Wireless Surround Link for Lifestyle Acoustimass Systems",00093,"B9-31CD-SB0W
TM-QZ37-CARR
UJ-73O8-69SO",DRAGON_267458993073
Bose Companion 5 Multimedia Speaker System,Bose Companion 5 Multimedia Speaker System � Graphite/Silver,B000IE8Z4Q,7,"Bose Companion 5 Multimedia Speaker System  Graphite/Silver
Bose Companion 5 Multimedia Speaker System - Graphite/Silver
Bose Companion 5 Multimedia Speaker System – Graphite/Silver",01824,"9W-GKZY-W7MB
JB-B7WB-EHX3
OG-JSWF-OQJJ
UZ-XO7Y-JHSP
YA-75XN-37WW",DRAGON_257191637659
Bose Lifestyle 18 Series III DVD Home Entertainment System,Bose Lifestyle 18 Black Series III DVD Home Entertainment System,B000KRNFDW,2,Bose Lifestyle 18 Black Series III DVD Home Entertainment System,00928,WV-PLLS-803U,
BOSE R Lifestyle V30 Home Theater System,BOSE(R) Lifestyle V30 Home Theater System - White,B000UQSQP0,3,BOSE(R) Lifestyle V30 Home Theater System - White,"00854
00854-1",S3-XM3X-1FA3,
Bose 43478 LIFESTYLE 48 Home Entertainment System Series IV,Bose (43478) LIFESTYLE 48 Home Entertainment System - Series IV - (Black),B000UQURGG,1,,,ST-EZ9O-JDAV,
Bose SoundDock Portable 30-Pin iPod iPhone Speaker Dock,Bose SoundDock Portable 30-Pin iPod/iPhone Speaker Dock,B000V2FJAS,5,"Bose SoundDock Portable 30-Pin iPod/iPhone Speaker Dock
Bose SoundDock Portable 30-Pin iPod/iPhone Speaker Dock1",00113,"UC-97QD-H0XW
UV-MGEC-OOCU",MEKONG_155600344332
Bose Sounddock Portable Digital Music System for the iPod,Bose Sounddock Portable Black Digital Music System for the iPod,B000V2HENS,2,Bose Sounddock Portable Black Digital Music System for the iPod,,8B-P1I6-8UFP,DRAGON_267453873768
Bose R LS35IV-BK Lifestyle 35 Series IV DVD Home Entertainment System,Bose(R LS35IV-BK Lifestyle 35 Series IV DVD Home Entertainment System - Black,B000V8EY9Y,4,"Bose(R LS35IV-BK Lifestyle 35 Series IV DVD Home Entertainment System - Black
Bose Lifestyle 35 Series IV DVD Home Entertainment System - Black LS35IV-BK",00796,"5N-8Q2T-76X0
EP-BE3S-HK76",DRAGON_257191553212
Bose Wave Premium Backlit,Bose Wave Premium Backlit Remote,B0011EHQLU,6,Bose Wave Premium Backlit Remote,01393,"JN-U36Q-GCAS
R8-D557-XLA7
RR-MP3M-Z11L
WK-J8SY-RIWW",DRAGON_267459020888
Definitive Technology ProStand 600 800 Speaker,Definitive Technology ProStand 600/800 Speaker Stand,B001BXLRYI,1,,,,
Panasonic MSCSAHT05 System,Panasonic MSCSAHT05 System Cable,B001DPHPCC,1,,,X5-DVFW-TO17,
Rock Band 2 Standalone Drums,Rock Band 2 Standalone Drums,B001E90A4W,1,,,,
Guitar Hero 2,Guitar Hero 2,B001ELJE4W,1,,,,
Guitar Hero III Legends of Rock,Guitar Hero III: Legends of Rock,B001ELJE5G,1,,,,
Xbox 360 Guitar Hero World Tour Alone Drums video game,Xbox 360 Guitar Hero World Tour - Stand Alone Drums,B001G8YV6Y,13,"Xbox 360 Guitar Hero World Tour - Stand Alone Drums [video game]
Xbox 360 Guitar Hero World Tour - Stand Alone Guitar [video game]
Xbox 360 Guitar Hero World Tour - Stand Alone Guitar
Xbox 360 Guitar Hero World Tour Band Bundle [video game]
Xbox 360 Guitar Hero World Tour - Wireless Guitar Controller
Xbox 360 Guitar Hero World Tour Drum and Microphone Kit [video game]",,"50-SPQQ-0EMT
8A-GLTH-AGP9
8E-7ATJ-9CM4
II-X1H2-6DS9
MU-75J6-EDN5
N1-AL9Z-X8ZY
OR-N6Q2-GJHG
QR-FWMA-LK5G
TR-9D7M-UJGZ
TS-J4ZN-4V9T
Y8-RU3G-BNYY","USAV_363492186122
USAV_363618568055"
Guitar Hero X-Plorer Wired Guitar Controller Xbox 360 video game,Guitar Hero X-Plorer Wired Guitar Controller (Xbox 360),B001GIPSC0,1,,,SF-U4BN-RD40,
Bose SoundDock Series II Digital Music System Speakers with digital player dock for iPod gloss,Bose SoundDock Series II Digital Music System - Speakers with digital player dock for iPod - gloss black,B001IO6R4U,2,Bose SoundDock Series II Digital Music System - Speakers with digital player dock for iPod - gloss black,,"56-6KXW-MVSE
Q4-T15K-E90S",
Guitar Hero World Tour Alone Drums Nintendo Wii video game,Guitar Hero World Tour - Stand Alone Drums - Nintendo Wii,B001Q9XT34,14,"Guitar Hero World Tour - Stand Alone Guitar
Wii Guitar Hero World Tour - Stand Alone Guitar [video game]
Guitar Hero World Tour - Stand Alone Guitar - Playstation 3 [video game]
Xbox 360 Guitar Hero World Tour - Stand Alone Guitar [video game]
PS2 Guitar Hero World Tour - Stand Alone Guitar
Xbox 360 Guitar Hero World Tour - Stand Alone Guitar
Wii Guitar Hero World Tour - Stand Alone Guitar
 Wii Guitar Hero World Tour - Stand Alone Guitar","04929
04986","3O-SNWD-WE1D
50-SPQQ-0EMT
AW-QMTO-8XDG
DC-0UBB-K4IN
KU-P8XG-76MT
KW-S6RN-CV78
OR-N6Q2-GJHG
TR-9D7M-UJGZ","DRAGON_266672835679
USAV_363492186122
USAV_363618706804"
Bose Wave FM Antenna,Bose Wave FM Antenna,B001UOXPIY,2,FM antenna for Bose Wave System,01206,7U-ZSZD-13NW,
The Beatles Rock Band,The Beatles: Rock Band,B001UQ704C,1,,,,
Guitar Hero 5,Guitar Hero 5,B0028Y4PUW,1,,,,
Bose CineMate Series II Digital Home Theater Speaker System,Bose� CineMate� Series II Digital Home Theater Speaker System,B002KY2OU8,24,"Bose® CineMate® Series II Digital Home Theater Speaker System
Bose CineMate Series II Digital Home Theater Speaker System - FREE SHIPPING
Bose CineMate Series II Digital Home Theater Speaker System
Bose® CineMate® GS Series II Digital Home Theater Speaker System
Bose CineMate Series II Digital Home Theater Speaker System w Universal Remote C
Bose CineMate GS Series II Digital Home Theater Speaker System 2.1
Bose CineMate GS Series II Digital Home Theater Speaker System
Bose CineMate Series II 2.1 Digital Home Theater Speaker System","00746
01896
01896-1","3O-OKQO-C9LG
53-KLYA-CN5K
8F-I5P4-8K9M
90-VMBR-JS2E
CS-EX2M-1CYP
D8-ALWF-KN34
DS-G5JG-JXQ9
HC-K1Q7-MPDB
HM-J0PA-UNMF
L2-E71J-F2Q6
OS-CZF6-FC0U
QQ-IPVQ-TJ8P
TM-BU43-4RGT
WU-INL0-VIOR
WZ-397Y-IZ8A
ZV-AF3P-HMI0","DRAGON_257191552285
DRAGON_257191614461
MEKONG_154538086416
USAV_363050906264
USAV_363617626866"
Bose 3-2-1 interface 262069-001 Bass Module 25,Bose 3-2-1 interface Cable 262069-001 Bass Module 25',B002V5NXQ0,5,Bose 3-2-1 interface Cable 262069-001 Bass Module 25',00741,"5S-TJR6-AB3Y
K7-JMPG-K3O5
RI-I9B9-3PFG",DRAGON_267453116657
Bose 3 2 1 GS Series III DVD Home Entertainment System,Bose 3�2�1 GS Series III DVD Home Entertainment System,B002X78ST8,5,"Bose 3·2·1 GS Series III DVD Home Entertainment System - Silver
Bose 3�2�1 GS Series III DVD Home Entertainment System
Bose 3·2·1® GS Series III DVD home entertainment system - HDMI Output",,"00-4GUK-2YEO
6G-HH02-X9YB
F2-UH9U-PWAQ",USAV_363001329176
Bose 3 2 1 GSX Series III DVD Home Entertainment System,Bose 3�2�1 GSX Series III DVD Home Entertainment System,B002X78VHW,3,3·2·1® GSX Series III DVD Home Entertainment System - Silver,,"00776
1O-DAYL-754O",
Bose Acoustimass Cube Speaker,Bose Acoustimass Cube Speaker,B0033R5XAY,7,"Bose Acoustimass Cube Speaker
Bose Acoustimass Cube Speaker - White
Bose Acoustimass AM-5 Cube Speaker (Single), Black with Wall mount","04907
04924","04907-N
0V-FNCI-YLZP
1Z-DOAZ-RY4G
T9-TXT3-AWGE",DRAGON_257183278456
Bose Factory-renewed SoundDock 10 Digital Music System,Bose Factory-renewed SoundDock� 10 Digital Music System,B0038YENXU,6,"Bose Factory-renewed SoundDock® 10 Digital Music System
Bose SoundDock 10 digital music system",00975,"7C-AAYI-TV3N
7K-D50Z-ZOPW
C6-0G8W-2N2N
FZ-KY1I-2K90
X8-BEJP-VRKZ",
BOLS283B Bose Lifestyle-28 Series III Home Theater System 526,BOLS283B - Bose Lifestyle-28 Series III Home Theater System (Black) - 526,B003FSZK6I,2,BOLS283B - Bose Lifestyle-28 Series III Home Theater System (Black) - 526,,FK-KQ7T-RW0K,DRAGON_267453963763
Bose Lifestyle T20 Home Theater System-Black,Bose� Lifestyle� T20 Home Theater System-Black,B003JQLPWY,5,"Bose® Lifestyle® T20 Home Theater System-Black
Bose Lifestyle T20 Home Theater System - Black 5.1 Surround Sound
Bose 5.1 Lifestyle T20 home theater system- HDMI Input/Output",,"1C-55BW-CG3L
31-7SY1-2LAB
EA-HQ52-GPDB","DRAGON_266197183737
DRAGON_267459009111"
Bose Lifestyle V35 Home Entertainment System-Black,Bose� Lifestyle� V35 Home Entertainment System-Black,B003JQLPYC,7,"Bose® Lifestyle® V35 Home Entertainment System-Black
Bose Lifestyle V35 Home Theater System","00911
01397","FJ-K36W-4GYB
GV-6HC6-8Y30
OE-UQF8-81J3","DRAGON_256064551726
USAV_364273063054"
Rock Band 3 Wireless Fender Mustang PRO-Guitar Controller for PlayStation 3 video game,Rock Band 3 Wireless Fender Mustang PRO-Guitar Controller for PlayStation 3,B003RS1A7Y,1,,,7N-GI2X-N01Z,
Bose RC-35S2 Expansion for Lifestyle V35 V25 Systems,Bose RC-35S2 Expansion Remote for Lifestyle V35/V25 Systems,B00482U6FU,5,"Bose RC-35S2 Expansion Remote for Lifestyle V35/V25 Systems
Bose RC-35S2 Expansion Remote for Lifestyle V35/V25 System","01857
04782","01857-N
RX-JZZI-WC1I
WZ-WBUK-7KGT",
Bose Sounddock Series II Digital Music System for iPod,Bose SoundDock Series II Digital Music System for iPod,B004FV4ROA,12,"Bose Sounddock Series II Digital Music System for iPod (Black)
Bose SoundDock Series II Digital Music System for iPod
Bose SoundDock Series II Digital Music System (Red)
Bose SoundDock Series II Digital Music System",00988,"27-4GBL-1LGV
5R-GA9F-JHYL
D4-NGF0-V6F0
F7-9NN5-1KZJ
LU-UR87-SAXE
PF-VT2V-57V7
QE-KJEY-M5KJ","DRAGON_267453827953
DRAGON_267453837065
MEKONG_154541839795"
Wireless Guitar for Wii Guitar Hero and Rock Band Games Excluding Rock Band 1 Color video game,"Wireless Guitar for Wii Guitar Hero and Rock Band Games (Excluding Rock Band 1), Color White",B004XDCJ4A,2,"Wireless Guitar for Wii Guitar Hero and Rock Band Games (Excluding Rock Band 1), Color White [video game]",,"MQ-ZHOF-5KEX
TO-XHHF-YF1M",
Harman Kardon BDS 800 5 1 Channel Blu-ray Home Theater Systems,Harman Kardon BDS 800 5.1 Channel Blu-ray Home Theater Systems - Black,B0051XYJYY,1,,,PS-4ABM-DTOI,
Bose Professional FreeSpace 360-P II In-Ground Landscape Speaker,Bose Professional FreeSpace 360-P II In-Ground Landscape Speaker,B0052KH7HM,2,Bose Professional FreeSpace 360-P II In-Ground Landscape Speaker,,"1W-AW78-K44D
NV-9JXJ-EFZJ",
Bose Lifestyle SoundTouch Control,Bose Lifestyle SoundTouch Remote Control,B005CKIM9O,2,Bose Lifestyle SoundTouch Remote Control,01887,11-T6JS-ROXF,
Bose Personal Music Center III,Bose Personal Music Center III,B005MJF09A,4,Bose Personal Music Center III,04783,"BI-O9EQ-2WIR
FV-A7NI-JLNP
MH-TL2E-QOT7",
Sony Digital Photo Frame,Sony Digital Photo Frame,B005QLG2B4,1,,,,
Bose Companion 2 Series I Multimedia Speaker System,Bose Companion 2 Series I Multimedia Speaker System (Black),B005TLTOLG,4,"Bose Companion 2 Series I Multimedia Speaker System (Black)
Bose Companion 2 Series I Multimedia Speaker System",05010,"9X-Q04G-PLB3
XR-RD0B-A4TV",DRAGON_257191638166
Bose UFS-20 Universal Floor Stands,Bose UFS-20 Universal Floor Stands (Pair),B006MAMSZ2,8,"Bose UFS-20 Universal Floor Stands (Pair) - Silver
Bose UFS-20 Universal Floor Stands Pair White
Bose UFS-20 Universal Floor Stands (pair)- White
Bose UFS-20 Universal Floor Stands (Pair)
Bose UFS-20 Universal Floor Stands Pair White Cube Speaker Mounts
Bose  Universal Floor Stands (Pair) - Black  for Bose Cube Speaker","01061
01062",42-FZXZ-V2R8,"DRAGON_267459010104
MEKONG_157446497526
USAV_363492127661
USAV_364285084045"
Bose UTS-20 Universal Table Stands Each,Bose UTS-20 Universal Table Stands (Each),B006MB7LP8,6,"Bose UTS-20 Universal Table Stands (Each) - Silver
Bose UTS-20 Universal Table Stands (Each)
Bose UTS-20 Universal Table Stands Silver
Bose UTS-20 Universal Table Stand (each) - Black
Bose® UTS-20 Universal Table Stand (Single)  Black","01410
01890","RU-NC4S-HAUD
WG-2IE8-971A",MEKONG_157446499850
Bose Wave Radio III,Bose Wave� Radio III -Platinum White,B007ZDES9Y,5,"Bose Wave® Radio III -Graphite Gray
Bose Wave® Radio III -Platinum White",,"4F-53FF-AP00
5I-QL1P-ZMAU
7U-KOU9-NOSD
FH-8E2D-NCTM
TD-RCMB-GXBY",
Bose Wave Connect Kit,Bose Wave Connect Kit,B007ZFTSP6,5,"Bose Wave Connect Kit
Bose wave connect kit for Bose wave music system",01268,"M4-D1TN-3WKO
TG-6SEA-5YHQ","MEKONG_154557329430
MEKONG_157271036179"
Wave Bluetooth Music,Wave Bluetooth Music Adapter,B007ZG03DG,2,Wave Bluetooth Music Adapter,,"2G-0TOL-PV2U
TW-1X9F-0SWM",
Wave Music System III,Wave Music System III Remote - Graphite Gray,B007ZG8ZFO,6,"Bose Wave Music System III Remote, Graphite Gray
Bose Wave® Music System III - Graphite Gray
Bose Wave Music System III (Graphite Gray)","00958-G
01877","AL-S86N-4M6V
FE-ZCFM-4K8Y
MI-AD2N-SK2Y
V3-1AQK-KF0M",
Bose Wave Radio cd Player in Color,Bose Wave Radio/cd Player White in Color,B00803CXO0,2,Bose Wave Radio/cd Player White in Color,,"MX-WJ68-SQ4G
W8-2CP1-TCTS",
Guitar Hero III Legends of Rock Wired Game Guitar for Playstation 2 video game,Guitar Hero III Legends of Rock Wired Bundle (Game & Guitar) for Playstation 2,B0084UNJ8S,3,Guitar Hero III Legends of Rock Wired Bundle (Game & Guitar) for Playstation 2 [video game],,"5I-VWCO-FNHC
HT-5Z51-ZEV4
XV-GKAS-EYMI",
Bose Solo TV Sound System,Bose Solo TV Sound System,B008EWNVI4,9,"Bose Solo TV Sound System
Replacement PCBA for Bose Solo 5 TV Sound System
Replacement PCB Assy, Main for Bose Solo TV Sound System
Replacement PCB ASSY, MAIN for Bose Solo TV Sound System","00843
04277
05086","0O-SL23-SM1S
7W-NJOI-JC4J
96-FGIM-LE3L
C3-J6C7-CTDE
XU-E21V-A00V",DRAGON_257191636719
Bose Acoustimass Direct Reflecting Speaker,Bose Acoustimass Direct/Reflecting Speaker Black,B008ITLRYS,7,"Bose Acoustimass Direct/Reflecting Speaker Black
Bose Acoustimass Direct/Reflecting Speaker Silver
Bose Acoustimass Direct/Reflecting Speaker Siver","04906-Bk
05028","9O-TB71-S43Q
9S-6UAY-412Q
GI-NYTB-HJDC
WR-8B6Y-00KQ",MEKONG_157156922082
Bose Acoustimass Horizontal Cube Center Channel Speaker,Bose Acoustimass Horizontal Cube Center Channel Speaker - Black,B008RQG1BG,6,"Bose Acoustimass Horizontal Cube Center Channel Speaker - Black
Bose Acoustimass Horizontal Cube Center Speaker - Black",00959,"K1-N0E3-HGAS
KZ-UP4V-0VA8
T7-YUY6-8XB8
WD-2YC4-X8W0",DRAGON_257191610139
Bose Companion 2 Series III Multimedia Speakers for PC with 3 5mm AUX PC Input,Bose Companion 2 Series III Multimedia Speakers - for PC (with 3.5mm AUX & PC Input) Black,B00CD1PTF0,7,Bose Companion 2 Series III Multimedia Speakers - for PC (with 3.5mm AUX & PC Input) Black,01103,"03-T8QC-MKT8
CI-QB9W-QJZQ
EC-HMR0-MS5T
MP-T481-GF4C
XT-4F5Q-ILMH
ZH-B8YN-P1E9",
Bose Wave III Premium Backlit,Bose Wave III Premium Backlit Remote,B00CLNP6B2,7,Bose Wave III Premium Backlit Remote,00090,"00-8BHU-3VR8
1W-IUKU-0HMB
74-ILQ9-1W8X
8U-V0EU-VV3Y
ED-0RUB-3QUI
RI-C2GX-4LYL",
Bose Solo CineMate Universal,Bose� Solo/CineMate� Universal Remote,B00CLUM7TO,9,"Bose® Solo/CineMate® Universal Remote
Bose Universal Remote for Bose Solo/CineMate II  - Black
Bose Universal Remote for Bose Solo/CineMate II - Black","00120
05058","00120-N
05058
3V-FLGV-AXB2
DA-MSJH-VGO8
GZ-GYP9-6VKL
R2-35Y6-A3GD",USAV_362747401670
Bose Lifestyle 12 long Acoustimass audio input 9 pin male Media Center,Bose Lifestyle 12 ' long Acoustimass audio input Cable 9 pin male Media Center Cable,B00DIL2C90,1,,,06-FQ35-MMTB,
Wave Multi-CD Changer Limited-Edition Burgundy,Wave� Multi-CD Changer � Limited-Edition Burgundy,B00EAN9WYI,1,,,QV-W99H-LOEB,
Bose Lifestyle 5 Music Center CD Player AM FM Radio Receiver,Bose Lifestyle 5 Music Center CD Player AM/FM Radio Receiver,B00EXW9AS4,3,"Bose Lifestyle 5 Music Center CD Player AM/FM Radio Receiver
Bose Lifestyle 5 Music Center CD Player AM/FM Radio Media center",00899,BQ-HROJ-Q8B7,DRAGON_257184188810
Bose SoundTouch 30 Wi-Fi Music System,Bose SoundTouch 30 Wi-Fi Music System,B00FF1VCSI,6,Bose SoundTouch 30 Wi-Fi Music System,01803,"0D-Z5KL-XQ5X
4M-T2MV-EYMT
WS-9H0N-HYMT
WS-JB8D-M3BW
YG-O960-RMWZ",
Bose SoundTouch 20 Wi-Fi Music System,Bose SoundTouch 20 Wi-Fi Music System,B00FF1VCVK,6,"Bose SoundTouch 20 Wi-Fi Music System
Bose SoundTouch Portable Wi-Fi Music System","00982
04786","4K-9YK5-ZC5C
67-3RLK-KSX3
QA-O6OS-FBDZ
SF-S8N4-JWO1",
Bose SoundTouch SA-4 Amplifier,Bose SoundTouch SA-4 Amplifier (Black),B00FG3DCPG,4,"Bose SoundTouch SA-4 Amplifier (Black)
Bose SoundTouch SA-4 Amplifier Black - Wireless Streaming Audio Receiver",01709,"FU-GHAN-H3TO
PX-V3F0-HZME",DRAGON_257191609645
Bose Wave Radio III with Bluetooth Music,Bose � Wave� Radio III with Bluetooth� Music Adapter- Titanium Silver,B00FLX5EGQ,2,Bose ® Wave® Radio III with Bluetooth® Music Adapter- Titanium Silver,,S1-OOC3-O10C,MEKONG_155600462089
Wave Music System III with Multi-CD Changer Limited-Edition Burgundy,Wave� Music System III with Multi-CD Changer - Limited-Edition Burgundy,B00GC1VD0W,13,"Wave® Music System III with Multi-CD Changer - Limited-Edition Burgundy
Wave Music System III with Multi-CD Changer - Limited-Edition Burgundy
BOSE Wave® Music System III with Multi-CD Changer - Limited-Edition Burgundy
Wave® Music System III  Limited-Edition Burgundy
Wave Music System III – Limited-Edition Burgundy
Wave® Music System III with Multi-CD Changer - Titanium Silver
Bose Wave Music System III with Multi-CD Changer, Midnight Blue, Limited Edition, Compatible with Alexa","01211-1
01843","14-876L-4VHE
2B-32BM-DWC8
5A-VMJ9-F27Q
7W-PMB9-U4Z3
80-XLI0-RX3V
DW-QY1G-94RB
LC-2KO9-JLSF
QJ-23BI-O9C7
QU-ZQES-7SYO
TB-0GO7-K3XH",MEKONG_156025297344
Bose SoundLink Bluetooth Speaker III,Bose SoundLink Bluetooth Speaker III,B00HWSXVDG,3,"Bose SoundLink Bluetooth Speaker III
Bose SoundLink Bluetooth Speaker III Wireless Portable Speaker",05033,05033,MEKONG_157446498231
Bose SoundLink Bluetooth Mobile Speaker II,Bose SoundLink Bluetooth Mobile Speaker II,B00M1XBQ1G,5,"Bose SoundLink Bluetooth Mobile Speaker II
SoundLink Bluetooth Mobile Speaker II  Nylon
SoundLink Bluetooth Mobile Speaker II - Nylon",04774,"FF-7G6W-B2XU
IV-T7NU-X0VJ
YQ-IUYT-43X1",DRAGON_267453825010
Bose CineMate 15 Home Theater Speaker System,"Bose CineMate 15 Home Theater Speaker System, Black",B00N1SSWXU,5,"Bose CineMate 15 Home Theater Speaker System, Black
Bose CineMate 15 Home Theater Speaker System",00844,"4F-HJ6Z-AUG7
M3-6R30-CT16
NL-EM4X-T4ED
TT-JF8L-O9QZ",
Bose Solo 15 TV Sound System,"Bose Solo 15 TV Sound System, Black",B00N1SSX6Q,4,"Bose Solo 15 TV Sound System, Black
Bose Solo 15 Series TV Sound System",03745,"03745
EF-V1FT-T02N
US-7QWA-VVA6",
Bose SoundDock XT Speaker Dark,Bose SoundDock XT Speaker (White/Dark Gray),B00N1VPTY2,4,"Bose SoundDock XT Speaker (White/Dark Gray)
Bose SoundDock XT Speaker Dock for iPhone/iPod (White/Dark Gray)",00967,"AP-FHLN-LSQ1
I3-3V74-KZPY",MEKONG_157446497327
Bose CineMate 520 Home Theater Sound System,Bose CineMate 520 Home Theater Sound System,B00NJTX6UA,8,"Bose CineMate 520 Home Theater Sound System
Bose CineMate 520 Home Theater System
Bose CineMate 520  Home Theater System
Bose CineMate 520 Home Theater Sound System 5.1 Surround Sound","01775
01775-N","01775
JS-AE9N-IS76
RV-YRIA-36U4","DRAGON_255730169630
DRAGON_267459011447
USAV_364273050717"
Bose CineMate 130 Home Theater System,Bose CineMate 130 Home Theater System,B00NJTX6ZU,3,"Bose CineMate 130 Home Theater System
Bose Cinemate 130 System",00867,"J9-SFIE-SFMT
OH-X0P1-YRBY",
Bose Lifestyle 535 Series III Home Entertainment System,Bose Lifestyle 535 Series III Home Entertainment System (Black),B00NJTX70E,2,Bose Lifestyle 535 Series III Home Entertainment System (Black),00857,HC-GM03-HO3E,
Bose RC-PWS II Universal Control,"Bose RC-PWS II Universal Remote Control, Black",B00NJVRR44,1,,,JN-WUS2-J8HA,
Bose TA-3 Home Theater Amplifier,Bose TA-3 Home Theater Amplifier,B00NSWU8MC,3,Bose TA-3 Home Theater Amplifier,03740,IH-TEW0-1HEI,DRAGON_257184192675
Bose RC-X35 Control for Lifestyle 535 525 235 135 V35 V25 SoundTouch I II III Home Entertainment Systems,Bose RC-X35 Remote Control for Lifestyle 535 525 235 135 V35 V25 SoundTouch I II III Home Entertainment Systems,B00NT3JLQY,4,"Bose RC-X35 Remote Control for Lifestyle 535 525 235 135 V35 V25 SoundTouch I II III Home Entertainment Systems
Replacement Bose Remote Control for Lifestyle 535 525 235 135 V35 V25 SoundTouch I II III Home Entertainment Systems","00972
01826-N","2L-NCFN-XA3A
LI-6860-FTQD",
Bose Bluetooth Audio,Bose Bluetooth Audio Adapter,B00NTUEDMY,4,Bose Bluetooth Audio Adapter,01137,"01137-N
DG-RQC7-FTH5
XT-WF8O-072M",
Bose WB-120 Wall-Mount Kit,Bose WB-120 Wall-Mount Kit Black,B00O66Q2LA,2,Bose WB-120 Wall-Mount Kit Black,03744,OJ-UZ9E-RJB9,
Bose SoundTouch Wireless for CineMate Systems,Bose SoundTouch Wireless Adapter for CineMate Systems,B00O66Q3ZK,2,Bose SoundTouch Wireless Adapter for CineMate Systems,,"65-F993-BGM2
ZE-2GKS-2R9I",
Bose UFS-20 Series II Universal Floor Stands,Bose UFS-20 Series II Universal Floor Stands,B00ODYZNGU,2,Bose UFS-20 Series II Universal Floor Stands,,"1N-XZ42-NU69
V0-PVVC-HEMV",
Bose Cinemate for 120 130 and 520 systems,"Bose Cinemate Remote for 120, 130, and 520 systems",B00TEAYFTY,8,"Bose Cinemate Remote for 120, 130, and 520 systems
Replacement Remote Control for Bose Cinemate Soundtouch 120, 130, and 520 Systems",01789-1,"05057
05057-1
05057-N
EG-8BQC-O039
HC-CZG0-BETV
R4-QNMO-DMKC
TL-PZC6-8P1X",
Bose Acoustimass 6 Series V Home Theater Speaker System,Bose Acoustimass 6 Series V Home Theater Speaker System (Black),B00TVFO08S,6,"Bose Acoustimass 6 Series V Home Theater Speaker System (Black)
Bose Acoustimass 6 Series V 5.1 Home Theater Speaker System Black Refurbished",01409-B,"01409
FU-KQKP-UMMH
HG-DEYU-UDDH
KV-5NS4-V2FS",DRAGON_257191552853
Bose Acoustimass 10 Series V Home Theater Speaker System,"Bose Acoustimass 10 Series V Home Theater Speaker System, Black",B00TVFO0B0,6,"Bose Acoustimass 10 Series V Home Theater Speaker System, Black
Bose Acoustimass 10 Series V Home Theater Speaker System - Black",01853-B,"01927
2I-YB5I-ZPMV
AB-4R7Q-L6HO
E8-TXTE-IGYU",DRAGON_256389265170
Guitar Hero Live,Guitar Hero Live,B00VG3PUFA,2,Guitar Hero Live with Guitar Controller (Xbox One) [video game],,GA-FP9Y-5840,
Bose CineMate 10 Home Theater Speaker System,Bose CineMate 10 Home Theater Speaker System,B00VOT808A,5,"Bose CineMate 10 Home Theater Speaker System
Bose CineMate 10 Home Theater Speaker System Soundbar Acoustimass Module
Bose® Acoustimass® -10 Home Theater Speaker System","00863
01722","A4-V2YW-9IGF
YC-LNNH-FSMC",DRAGON_267459010478
Bose SoundDock 10 Bluetooth Digital Music System,Bose SoundDock 10 Bluetooth Digital Music System,B00XIQE0FY,8,"Bose® SoundDock® 10 Bluetooth® Digital Music System
Bose SoundDock 10 Bluetooth Digital Music System
Bose SoundDock 10 digital music system
Bose SoundDock 10 Digital Music System with OEM Bluetooth Adapter","00735
00736
00975","7S-XZGZ-MB46
LJ-B2BD-JQRB
QY-YLH8-3AAH
W0-Z74R-56DH",
Bose Travel Bag for SoundDock Portable,Bose travel bag for SoundDock Portable,B00XJ41Q1G,3,Bose travel bag for SoundDock Portable,01858,48-ZVIR-MC6M,
Bose SoundDock Digital Music System,Bose SoundDock Digital Music System,B00XJOT1FY,11,"Bose SoundDock Digital Music System
Bose SoundDock digital music system for iPod (White)
Bose SoundDock Digital Music System with Bluetooth Adapter (Black)
Bose SoundDock Digital Music System with Bluetooth Adapter (White)",00111,"1F-2M10-N45E
KL-P7U1-IUSC
LL-FG2J-AIPY
NY-9O75-EL7T
WM-438R-J79D
ZW-XWPJ-27AZ","DRAGON_257184238357
MEKONG_157329050808
USAV_362921339700"
Dura Micro DM5133U AC Power Supply 12V 2A,Genuine Dura Micro DM5133U AC Power Supply Adapter 12V ~ 2A,B00Y5ZJ0J8,4,Genuine Dura Micro DM5133U AC Power Supply Adapter 12V ~ 2A,,"O6-0OWU-AQUO
QW-YPYU-9GZS
QX-V9YY-7GJG",USAV_363509518128
Bose Wave Music System III with Bose Wave Multi-CD Changer Compatible with Alexa,"Bose Wave Music System III Bundle with Bose Wave Multi-CD Changer, Graphite Grey - Black, Compatible with Alexa",B00YZS4KHW,1,,,GR-GRAV-5C85,
Original RC38T1-27 Control for Bose AV38 AV48 Media Center in Lifestyle 38 48,New OEM Original RC38T1-27 Remote Control for Bose AV38 AV48 Media Center in Lifestyle 38/48,B011I7Z4BI,4,"Bose Lifestyle Remote Control RC38T1-27 for AV38 AV48 Media Center Lifestyle
Bose Remote Control for Bose AV38 AV48 Media Center in Lifestyle 38/48
Bose Lifestyle Series Remote Control RC38T1-27 For for BOSE AV38 AV48 Media Center in Lifestyle 38/48","00078
04702",YR-44E5-8HTH,MEKONG_157446499597
Bose 731396-1200 SoundTouch 10 Wireless Speaker Works with Alexa,"Bose 731396-1200 SoundTouch 10 Wireless Speaker, Works with Alexa, White",B011IH67NC,5,"Bose 731396-1200 SoundTouch 10 Wireless Speaker, Works with Alexa, White
Bose SoundTouch 10 wireless speaker, works with Alexa - White
Bose SoundTouch 10 Wireless Speaker - White, Works with Alexa",01894-W,"1G-N87T-KJ6L
L2-10G3-13HN
SO-LZOA-I5NA",DRAGON_257193074631
Bose 731396-1100 SoundTouch 10 Wireless Speaker Works with Alexa,"Bose 731396-1100 SoundTouch 10 Wireless Speaker, Works with Alexa, Black",B011IH685E,7,"Bose 731396-1100 SoundTouch 10 Wireless Speaker, Works with Alexa, Black
Bose SoundTouch 10 Wireless Speaker Works with Alexa Black
Bose SoundTouch 10 wireless speaker, works with Alexa - Black",01894-B,"62-F6LT-H61O
F5-62CP-GMND
JF-7193-TEO3
R5-ED3Q-J0IS
RX-6T6H-S9KA",DRAGON_257191638338
Bose Lifestyle SoundTouch 135 Entertainment System,Bose Lifestyle SoundTouch 135 Entertainment System,B011IH6EI0,3,Bose Lifestyle SoundTouch 135 Entertainment System,00869,"FX-CROA-8HW8
OU-G40S-088T",
Bose Lifestyle SoundTouch 525 Entertainment System,Bose Lifestyle SoundTouch 525 Entertainment System,B011IH6FNY,5,Bose Lifestyle SoundTouch 525 Entertainment System,00788,K1-336H-CL6A,"DRAGON_255730160470
MEKONG_154541918577
USAV_364273069385"
Bose SoundTouch 120 Home Theater System,Bose SoundTouch 120 Home Theater System - Black,B011IH6M8C,6,"Bose SoundTouch 120 Home Theater System - Black
Bose SoundTouch 120 Home Theater System
Bose CineMate 120 Home Theater System - Black","00851
00862","3L-UASL-B34N
RY-3FCS-2LDS","DRAGON_256685916193
USAV_364273090746"
Bose Wave Music System IV,Bose Wave Music System IV - Espresso Black,B011IH6MBO,19,"Bose Wave Music System IV - Platinum Silver
Bose Wave Music System IV - Espresso Black
Bose Wave® music system IV - Refurbished - Espresso Black
Bose Wave Music System IV (Espresso Black) w Bluetooth Adapter
Bose Wave Music System IV Bundle with Bluetooth Adapter II (Espresso Black)","00106-B
00106-S
03752","1C-HO0Z-D24K
2B-GFD4-M523
3F-AVUX-RGWW
4Z-2N9X-ZFSW
5D-CRQH-RKW4
8F-RY54-6864
9M-HNFC-G2G7
B6-ARNI-JB80
IE-T62L-TK4O
IH-006H-ODYH
KD-TOEH-HWW8
L5-JXLH-73RA
UR-WFEV-X6F5
XN-LRYH-V70V","DRAGON_256389271097
DRAGON_257283871239"
Bose SoundTouch 130 Home Theater System,Bose SoundTouch 130 Home Theater System - Black,B011IH6MPU,8,"Bose SoundTouch 130 Home Theater System - Black
Bose SoundTouch 130 home theater system - Black
Bose SoundTouch 130 Home Theater System Black - Soundbar & Wireless Acoustimass","00870
00870-1
01780","01780
7H-NYPB-IVTO","DRAGON_257191602544
DRAGON_265958166676
USAV_364273087472"
Bose SoundTouch 520 Home Theater System,Bose SoundTouch 520 Home Theater System,B011IH6N22,9,"Bose SoundTouch 520 Home Theater System
Bose Soundtouch 520 Home Theater System
Bose CineMate 520 Home Theater System
Bose CineMate 520  Home Theater System","00917
01775-N","00917-N
JS-N49J-0H46
LN-I2HR-V6I4","DRAGON_255730169630
DRAGON_267014967302
MEKONG_155846032991
USAV_364273050717"
Bose Wave Radio IV,Bose Wave Radio IV - Platinum Silver,B011IH6TYE,5,Bose Wave Radio IV - Platinum Silver,,"3T-1HWS-YSVL
4V-DEWI-IMEH
8K-3P0I-4W49
KA-1ET5-G2SX
T1-Q0LB-0FY8",
Bose 738102-1100 SoundTouch 30 Wireless Speaker Works with Alexa,"Bose 738102-1100 SoundTouch 30 Wireless Speaker, Works with Alexa, Black",B011IKGT46,3,"Bose 738102-1100 SoundTouch 30 Wireless Speaker, Works with Alexa, Black",,"01370-N
ON-3FVG-SU5N
X2-QC1K-0VGJ",
Bose Sound Touch Series II Wireless,Bose Sound Touch Series II Wireless Adapter,B011U9G5IK,4,Bose Sound Touch Series II Wireless Adapter,05041,"01695-N
4T-3IUV-R6NI
RN-B575-AN4Z",
Bose Solo 15 Series II TV Sound System,Bose Solo 15 Series II TV Sound System,B012B7S46Q,3,Bose Solo 15 Series II TV Sound System,,"9A-F06F-KM2Y
9D-B9R3-G9HW
G1-X5L0-DHEH",
Bose SoundTouch 20 Series III Wireless Music System,Bose SoundTouch 20 Series III Wireless Music System - Black,B0153X46IU,1,,,,
Guitar Hero Live With Wireless Guitar Controller PS4 PlayStation 4 Pre-Owned video game,Guitar Hero Live With Wireless Guitar Controller - (PS4) PlayStation 4 [Pre-Owned],B015W64Z9I,2,Guitar Hero Live With Wireless Guitar Controller - (PS4) PlayStation 4 [Pre-Owned] [video game],,"F2-8GZB-YAUB
RS-6YR4-Q9M5",
Bose RC-PWS III Universal Control for Solo TV Sound Systems CineMate Home Theater Speaker Systems,Bose RC-PWS III Universal Remote Control for Solo TV Sound Systems & CineMate Home Theater Speaker Systems,B0183T5TPU,8,"Bose RC-PWS III Universal Remote Control for Solo TV Sound Systems & CineMate Home Theater Speaker Systems
Universal remote control for Bose Solo TV sound systems
Genuine Bose Universal remote control for Bose Solo TV sound systems","00963
01004-1","7H-7YR8-RN1H
A8-AA98-JSH7
KU-W3VN-8ODY
OH-Y9TP-PVKL
RP-25Q6-XY4F",MEKONG_154358065214
Bose SoundLink Color Bluetooth Speaker,Bose SoundLink Color Bluetooth Speaker (Black),B01AS57B0I,22,"Bose SoundLink Color Bluetooth Speaker (White)
Bose SoundLink Color Bluetooth Speaker (Black)
Bose SoundLink Color Bluetooth Speaker (Red)
Bose SoundLink Color Bluetooth Speaker (Blue)
Bose SoundLink Color Bluetooth Speaker (Mint)","04915-BK
04915-BL
04915-M
04915-R
04915-W","4T-XHCZ-WOKD
4X-6MAV-78WD
8U-K911-YMMW
EW-LINO-18ML
H6-JTDC-4O5L
JQ-9W5Z-297O
JS-J8AC-E5BW
L8-IYIC-43O4
MC-54RO-31MK
N5-H04M-D8T4
QW-18A8-YEN4
RI-IUB9-GPEC
U3-M87O-CG8E
WC-4QX3-XTX4
WM-7XJH-GG9Q",MEKONG_155600431182
Bose PS-28 subwoofer PS-28 series i only nothing else,Bose PS-28 subwoofer replacement PS-28 series i only [nothing else],B01BV6N9XQ,4,Bose PS-28 subwoofer replacement PS-28 series i only [nothing else],04913,"4A-TGXG-3DJ4
7C-TJW7-EQ7L
LN-OL2X-FP1K",
Bose SoundLink Mini II Charging Cradle Carbon,Bose SoundLink Mini II Replacement Charging Cradle - Carbon,B01CGXS406,6,"Bose SoundLink Mini II Replacement Charging Cradle - Carbon
Bose SoundLink Mini II Replacement Charging Cradle - Genuine Carbon
Replacement Charging Cradle (Silver) for Bose SoundLink Mini II","01171
04998","04998
B2-YB5D-12TO","DRAGON_267454027618
MEKONG_157446497912"
Bose 260351-102 Audio Input 30ft RJ45 DIN8 for Lifestyle 28,Bose 260351-102 Audio Input Cable 30ft. RJ45 - DIN8 for Lifestyle 28,B01D0D7AAQ,3,Bose 260351-102 Audio Input Cable 30ft. RJ45 - DIN8 for Lifestyle 28,01888,MQ-N7UK-M0AY,DRAGON_267453833598
Guitar Hero Live Wireless Guitar Controller 0000654 For PS3 With Dongle String,Guitar Hero Live Wireless Guitar Controller 0000654 For PS3 With Dongle & String,B01DL9LJOC,4,"Guitar Hero Live Wireless Guitar Controller 0000654 For PS3 With Dongle & String
Guitar Hero Live Wireless Guitar Controller 0000654 For PS3 With USB Dongle
 Guitar Hero Live Wireless Guitar Controller 0000654 For PS3 With USB Dongle",,T8-57P3-RUOE,"DRAGON_266070576144
USAV_363492155586
USAV_363534843734"
Mad Catz Rock Band 4 Wireless Fender Stratocaster Guitar Controller and Software for PlayStation 4,Mad Catz Rock Band 4 Wireless Fender Stratocaster Guitar Controller and Software Bundle for PlayStation 4,B01EHKLZDO,3,"Mad Catz Rock Band 4 Wireless Fender Stratocaster Guitar Controller and Software Bundle for PlayStation 4 - Red [video game]
Rock Band 4 Wireless Fender Stratocaster Guitar Controller for PlayStation 4 - Black [video game]",,"CU-RB9H-0TZX
MW-N8CZ-V2W4",
Bose Lifestyle 30 Long Acoustimass Audio Input 9 pin Male Media Center,Bose Lifestyle 30 ' Long Acoustimass Audio Input Cable 9 pin Male Media Center Cable,B01F8DKUSA,3,Bose Lifestyle 30 ' Long Acoustimass Audio Input Cable 9 pin Male Media Center Cable,04927-30,"4R-Y7BV-5IPX
ZC-29FV-XTQX",
Bose Solo 5 TV Sound System,Bose Solo 5 TV Sound System,B01FNAFLZA,2,Bose Solo 5 TV Sound System,,,USAV_363617586229
Bose Acoustic Wave Music System CD Player CD3000,Bose Acoustic Wave Music System CD Player (CD3000),B01FNH4SZ2,3,Bose Acoustic Wave Music System CD Player (CD3000),,"0Z-RK26-MHZ1
HV-BNMZ-MHRZ",DRAGON_257184186210
Bose 251 Outdoor Speakers,Bose 251 Outdoor Speakers,B01FWKGFWO,13,"Bose 251 Outdoor Environmental Wall Mount Outdoor speakers
Bose 251 Environmental Outdoor Speakers - Black
Bose 251 Environmental Outdoor Speakers - White
Bose 251 Environmental Speakers, Premium Outdoor Speakers - Black
Bose 251 Environmental Speakers, Premium Outdoor Speakers - White
Bose 251 Wall Mount Outdoor Environmental Speakers (White)","03742
04757-B
04757-W","04757-Bk
BJ-U4WX-4VNW
KS-03KS-RY8W
PH-N4BW-SSRS
SB-3721-V8TW
SV-97IE-53ZQ
SW-WELV-F79Z
VO-D1RP-V5NX",
Bose 767397-1110 Wireless Audio System Works with Alexa,"Bose 767397-1110 Wireless Audio System Adapter, Works with Alexa, Black",B01K6P08FA,3,"Bose 767397-1110 Wireless Audio System Adapter, Works with Alexa, Black",04890,"LL-O3E2-8TKB
TV-PN9X-U2DA",
Bose Lifestyle 650 Home Entertainment System Works with Alexa,"Bose Lifestyle 650 Home Entertainment System, Works with Alexa - Black",B01KZHOW3I,6,"Bose Lifestyle 650 Home Entertainment System, Works with Alexa - Black
Bose Lifestyle 650 Home Entertainment System, Works with Alexa, White
Bose Lifestyle 650 Home Entertainment System, works with Alexa - White
Bose Lifestyle 650 Home Entertainment System - Black","00909-B
00909-W","5Y-7AVX-AY9I
B3-4QGF-UB42
DK-1QV0-W17Y
VN-PYTN-C490",
Bose 768973-1110 Virtually Invisible 300 Wireless Surround Speakers,"Bose 768973-1110 Virtually Invisible 300 Wireless Surround Speakers (Pair, Black)",B01KZHOWM4,1,,,CD-DF80-UHDV,
Bose SoundTouch 300 Soundbar Works with Alexa,"Bose SoundTouch 300 Soundbar, Works with Alexa",B01KZHP44Y,5,"Bose SoundTouch 300 Soundbar, Works with Alexa
Bose  SoundTouch 300 Soundbar, works with Alexa,Black
Bose Repair Service For  Bose SoundTouch 300 Soundbar","00825
03731","8Z-2RHN-DELL
S3-4RUA-BT7V
VB-P2CU-APYH",
Bose Acoustimass 300 Wireless Bass Module,"Bose Acoustimass 300 Wireless Bass Module, Black",B01KZHPC7I,5,"Bose Acoustimass 300 Wireless Bass Module, Black
Bose Repair Service For Circuit Board of Bose Acoustimass 300 Wireless Bass Module","01810
01965","1U-I2OZ-L0AI
PO-JYG7-M13X
PT-7U9S-9TUX",
BOSE JEWEL premium DOUBLE CUBE SPEAKER,BOSE JEWEL premium DOUBLE CUBE SPEAKER BLACK,B01M6BD4OC,3,BOSE JEWEL premium DOUBLE CUBE SPEAKER BLACK,00724,00724,DRAGON_267453976281
Bose Omni Jewel Floor,Bose Omni Jewel Floor Stand,B01MSMRF3P,1,,,,
Guitar Hero Live Xbox 360 Game Gaming Controller Guitar video game,"Guitar Hero Live Xbox 360 Game, Gaming Controller Guitar",B073PBXGNF,2,"Guitar Hero Live Xbox 360 Game, Gaming Controller Guitar [video game]",,"U6-LRTH-ID45
XK-RAG7-S3R4",
Bose SoundTouch 10 Wi-Fi Speakers 2-Pack,Bose SoundTouch 10 Wi-Fi Speakers 2-Pack - Black,B076LFVWFT,1,,,Q6-IJRB-GWK9,
Bose Wave Radio AM FM Alarm Clock,Bose Wave Radio AM/FM Alarm Clock,B078P88TQG,3,Bose Wave Radio AM/FM Alarm Clock,,"8A-YN1F-W3QC
AR-X8BA-G4FF
SS-3P3U-0Q7Q",
Bose lifestyle AV-18 series i media center,Bose lifestyle [AV-18 series i ]media center replacement,B0793H3QLM,2,Bose lifestyle [AV-18 series i ]media center replacement,,"0N-274O-VBP5
XO-XUPC-Q97U",
Bose Bass Module 500,Bose Bass Module 500 Black,B07F3BBXJ6,8,"Bose Bass Module 500 Black
Bose Bass Module 500, Black
Repair Service For  Bose Bass Module 500
Bose Bass Module 500 - Compact Wireless Subwoofer, Black","01384
03799","01384
8Y-ZFPE-YB69
B3-HNLS-08BA
M1-7L0L-SLBW","DRAGON_257185066323
DRAGON_257191602331"
Bose Wave Music System with Bose Wave Multi-CD Changer,"Bose Wave Music System Bundle with Bose Wave Multi-CD Changer, Graphite Grey - Black",B07FTXCY9F,6,"Bose Wave Music System Bundle with Bose Wave Multi-CD Changer - Graphite Grey
Bose Wave Music System with Multi-CD Changer - Graphite Grey (Black)
Bose Wave Music System with 3 Multi-CD Changer - Graphite Gray Grey (Black)
Bose Wave Music System with Multi-CD Changer - Graphite Grey (Black), Compatible with Alexa Amazon Echo",00966,"5M-N2SR-UOU8
6N-G43E-GB8K
Q1-8WW8-4Y8O","DRAGON_257132789924
USAV_364275757643"
Bose CineMate GS Series II Interface Module with,Bose CineMate GS Series II Interface Module with Cable,B07HZVVGCD,6,"Bose CineMate GS Series II Interface Module with Cable
Bose CineMate GS Series II Interface Module
Interface Module for Bose CineMate GS Series II - B grade","00095
00154","JX-MXRJ-4T7P
PO-7LHE-9YT5
UX-MXGM-6EG0",USAV_363528946167
Bose SoundTouch SA-5 Amplifier Compatible with Alexa 737253-1110,"Bose SoundTouch SA-5 Amplifier, Compatible with Alexa, Black (737253-1110)",B07JG5ZM8X,4,"Bose SoundTouch SA-5 Amplifier Black 737253-1110 Wi-Fi Bluetooth Alexa
Bose 737253-1110 SoundTouch SA-5 Amplifier, Works with Alexa, Black",05016,DC-4PYC-06SH,DRAGON_257191613548
Bose Soundbar System 500,Bose Soundbar System 500,B07JGJC65P,1,,,,
USAV Wall Brackets for Bose 151 Speaker,USAV Wall Mount Brackets for White Bose 151 Speaker - Pair,B07RZVRMS8,7,"USAV Wall Mount Brackets for White Bose 151 Speaker - Pair
Wall Mount brackets For White Bose 151 speaker - Pair
Plastic Wall Mount brackets For White Bose 151 Speaker - Pair","01204
01204-1","JN-01VZ-B5DJ
XO-85M2-PWLI","DRAGON_265730206847
MEKONG_154530956508
USAV_362745863727"
Wall Brackets for Bose 321 Satellite Speakers,Wall Mount Brackets Black (Pair) for Bose 321 Satellite Speakers,B07S2BN5YC,10,"Wall Mount Brackets Black (Pair) for Bose 321 Satellite Speakers
Wall Mount Brackets (Pair) for Bose 321 Satellite speakers
Wall Mount Brackets (Pair)  for Bose 321  Satellite speakers
Wall Mount Brackets (Pair) for Bose 321 speaker - Black
Wall Mount Brackets (Pair) for Bose 321 speakers","00010
00010-1
00010-2","M4-LZQE-2J02
XH-0DXF-L5S0","DRAGON_265801489352
MEKONG_154530964855
MEKONG_154567055231
MEKONG_155600234524
USAV_364275771077"
FIFA 20,FIFA 20,B07SNF413S,1,,,,
Wall Brackets for Bose Cinemate Series II Satellite Speakers,Wall Mount Brackets Black (Pair) for Bose Cinemate Series II Satellite Speakers,B07SQBGTPN,8,"Wall Mount Brackets Black (Pair) for Bose Cinemate Series II Satellite Speakers
Wall Mount Brackets (Pair) for Bose Cinemate Series I II speakers - Free Shipping
Wall Mount brackets For Bose Cinemate Series II","00042
00980","7W-OG44-JRXU
IY-GO3Y-T1CL","DRAGON_265808477105
MEKONG_154530974867
MEKONG_154567067640
USAV_362742437150"
USAV HDMI Output Upgrade Kit for Bose 321 Series II,USAV HDMI Output Upgrade Kit for Bose 321 Series II,B07W82BYZK,7,"HDMI Output Upgrade Kit For Bose 321 Series II III or Bose 321 Series I
HDMI Output Upgrade Kit  For Bose 321 Series I II Media Center - HDMI Output 
S-Video to HDMI Output Upgrade Kit  For Bose 321 Series I II System- HDMI Output
S-Video to HDMI Output Upgrade Kit For Bose 321 Series I II III Media Center - HDMI Output","00084-1
01218-3",0I-NZ1E-BCF0,"MEKONG_154537045601
USAV_362805678835
USAV_363359870417
USAV_363496191061"
Bose SoundLink Mini II Bluetooth Speaker Special Edition,Bose SoundLink Mini II Bluetooth Speaker Special Edition - Silver,B07YBN9XXG,5,Bose SoundLink Mini II Bluetooth Speaker Special Edition - Silver,,"05000
DZ-8CM3-SOY1
RM-YT98-1796","DRAGON_267459008563
MEKONG_157446497679"
Bose TV Speaker Soundbar for TV with Bluetooth and HDMI-ARC Connectivity All-in-One Compact Soundbar Includes Control,"Bose TV Speaker - Soundbar for TV with Bluetooth and HDMI-ARC Connectivity, All-in-One Compact Soundbar, Includes Remote Control, Black",B088KRPCQJ,6,"Bose TV Speaker - Soundbar for TV with Bluetooth and HDMI-ARC Connectivity, All-in-One Compact Soundbar, Includes Remote Control, Black",,"4I-K918-G8WW
4R-HAWU-UC33
5N-QD3Q-INEL
CF-D4XF-E3ZS
MT-PG1W-NH39
VW-X58X-MIYG",
Bose Smart Soundbar 300 Bluetooth Wireless Sound Bar for TV with Built-in Microphone and Alexa Voice Control,"Bose Smart Soundbar 300, Bluetooth Wireless Sound Bar for TV with Built-in Microphone and Alexa Voice Control, Black",B08D68QLW3,5,"Bose Smart Soundbar 300, Bluetooth Wireless Sound Bar for TV with Built-in Microphone and Alexa Voice Control, Black
Bose Smart Soundbar 300 Bluetooth Connectivity with Alexa Voice Control Built-In
Bose Smart Soundbar 300 Bluetooth Connectivity with Alexa Voice Control Built-In, Black",00874-N,"00874-N
3H-20XK-RM24
FA-VXZO-888N",DRAGON_256036514169
GHAG AC for Bose Sounddock 2 PSM36W 208 18V 1A 4 Connector SoundDock iPod 29327-006 Big 4 Connector,GHAG Replacement AC Adapter for Bose Sounddock 2 PSM36W- 208 18V 1A 4 Connector SoundDock iPod 29327-006 Big 4 Connector,B08F3324JB,1,,,6J-ZG94-ZJGY,
USAV Solutions Metal Wall Brackets for Bose 151 Speaker,USAV Solutions Metal Wall Mount Brackets for Black Bose 151 Speaker - Pair,B08HMCW5JK,9,"USAV Solutions Metal Wall Mount Brackets for Black Bose 151 Speaker - Pair
USAV Wall Mount Brackets for Black Bose 161 151 SE Speaker - Pair
Wall Mount brackets For Black Bose 151 speaker -  Pair
Plastic Wall Mount brackets For Black Bose 151 speaker - Pair
USAV Plastic Wall Mount Brackets for Black Bose 151 Speaker - Pair
Metal Wall Mount Brackets for Black Bose 151 101 Speaker - Pair","01395
04770","JN-062U-00C1
K8-2O45-92RM
PO-BE51-TWC2
RR-YPAQ-NJH4
T8-AURY-ZFNG
XJ-285I-S0WO",USAV_363100692206
USAV Solutions Bose Surround Speaker Single with Wall for Bose 321 or Cinemate Systems,"USAV Solutions Replacement Bose Surround Speaker (Single, Grey) with Wall Mount Bracket for Bose 321 or Cinemate Systems",B08VF6KRP6,4,"USAV Solutions Replacement Bose Surround Speaker (Single, Grey) with Wall Mount Bracket for Bose 321 or Cinemate Systems
Replacement Bose Surround Speaker (Single, Grey) with Wall Mount Bracket for Bose 321 or Cinemate Systems
Replacement Bose Surround Speaker (Single, Grey) with Wall Mount Bracket",00997,"2Q-R8RH-NRDS
SB-4T5C-SOXX",DRAGON_255656831149
Monitor for Bose VideoWave A V Out to Monitor 4 Meter 12 Feet,Replacement Monitor Cable for Bose VideoWave A/V Out to Monitor Cable - 4 Meter/12 Feet,B08ZJQS7F5,5,"Replacement Monitor Cable for Bose VideoWave A/V Out to Monitor Cable - 4 Meter/12 Feet
BOSE VideoWave A/V OUT to Monitor Cable - 4 Meter/12 Feet
Bose VideoWave A/V OUT to Monitor Cable 4 Meter/12 Feet Refurbished","01298
01298-1","CF-CYJH-GZMB
GR-W9RN-RP5O",MEKONG_157562936139
Bose Solo Soundbar Series II,Bose Solo Soundbar Series II,B091BRPJY7,3,Bose Solo Soundbar Series II,00875,"CZ-OVYF-7J76
UA-NW4I-167S",
Bose Smart Soundbar 700 Premium Bluetooth Soundbar with Alexa Voice Control Built-in,Bose Smart Soundbar 700: Premium Bluetooth Soundbar with Alexa Voice Control Built-in,B09HRFY5LQ,6,"Bose Smart Soundbar 700: Premium Bluetooth Soundbar with Alexa Voice Control Built-in, Black
Bose Smart Soundbar 700: Premium Bluetooth Soundbar with Alexa Voice Control Built-in
Bose Smart Soundbar 700",00871,"0I-O23T-53T9
BX-7QNY-SP1V","MEKONG_156498749687
USAV_364537408949"
Bose Smart Soundbar 900 Dolby Atmos with Alexa Built-in Bluetooth connectivity,"Bose Smart Soundbar 900 Dolby Atmos with Alexa Built-In, Bluetooth connectivity",B09KRV5B71,8,"Bose Smart Soundbar 900 Dolby Atmos with Alexa Built-in, Bluetooth connectivity - White
Bose Smart Soundbar 900 Dolby Atmos with Alexa Built-in, Bluetooth connectivity - Black
Bose Smart Soundbar 900 Dolby Atmos with Alexa Built-In, Bluetooth connectivity 
Bose Smart Soundbar 900 Dolby Atmos with Alexa Built-In, Bluetooth connectivity - Black
Bose Smart Soundbar 900 Dolby Atmos with Alexa Built-In, Bluetooth connectivity","01639-B
01639-Blk
01639-W","5W-3LC7-IENW
A4-5096-4QDK
AL-3YJ5-CW42",USAV_364282245105
Bose TV Speaker with Bass Module 500 for Soundbars,"Bose TV Speaker with Bass Module 500 for Soundbars, Black",B09MSNBHP6,3,"Bose TV Speaker with Bass Module 500 for Soundbars, Black",,"3Z-WBYU-PJM9
ER-FNPA-M1YG
Y3-DTEP-8I3L",
Harman Kardon Aura Studio 3 Elegant BT Wireless Speaker with Premium Design and Ambient Lighting,"Harman Kardon Aura Studio 3 - Elegant, BT Wireless Speaker with Premium Design and Ambient Lighting- Black",B09XQ9KVN9,2,"Harman Kardon Aura Studio 3 - Elegant, BT Wireless Speaker with Premium Design and Ambient Lighting- Black",,7F-066L-E5AO,
Bose Home Theater System Smart Ultra Dolby Atmos Soundbar Bass Module 700 2X Wireless Surround Speaker,"Bose Home Theater System Smart Ultra Dolby Atmos Soundbar, Bass Module 700 2X Wireless Surround Speaker, Black",B0B536DCJR,3,"Bose Home Theater System Smart Ultra Dolby Atmos Soundbar, Bass Module 700 2X Wireless Surround Speaker, Black
Bose Home Theater System Smart Ultra Dolby Atmos Soundbar, Bass Module 700 2X Surround Speakers 700, Black",04891,"MQ-RY54-U25U
VL-5050-K34G",
USAV Wall Brackets for Bose Lifestyle 18 28 38 Satellite Speaker,USAV Wall Mount Brackets Black (Pair) for Bose Lifestyle 18/28/38 Satellite Speaker,B0B5FPB9PR,5,"USAV Wall Mount Brackets Black (Pair) for Bose Lifestyle 18/28/38 Satellite Speaker
Bose Lifestyle 18/28/38 Satellite Speaker Wall Mount Stand Brackets - Pair
Bose Lifestyle 18/28/38 Satellite Speaker Wall Mount Stand Brackets - Pair - FREE SHIPPING",00047,"00047
EE-63NH-0SCY","DRAGON_265808632854
MEKONG_153568337551"
USAV 20FT Speaker for Front Bose Cube Speaker Acoustimass Lifestyle Single,USAV 20FT Speaker Cable for Front Bose Cube Speaker Acoustimass Lifestyle - Single,B0BDTGPZHW,10,"20FT Speaker Cable for Front Bose Cube speaker Acoustimass Lifestyle - Single
20FT  Speaker Cable for Front Bose Cube speaker Acoustimass Lifestyle - Single
20FT White Speaker Cable for Bose Cube speaker Acoustimass Lifestyle - Single
Bose 20FT Speaker Cable for Front Bose redline Cube speaker Acoustimass  - Single
40FT White Speaker Cable for Bose Cube speaker Acoustimass Lifestyle - Single
40FT  White Speaker Cable for Bose Cube speaker Acoustimass Lifestyle - Single","00805
00952
01679",AH-PL9M-F32Y,"DRAGON_255581072743
DRAGON_255581077635
DRAGON_265730153783
MEKONG_154332783476
MEKONG_154448321901
USAV_364274393980"
USAV Wall Ceiling for Bose Jewel Cube Speaker,USAV Wall Mount Ceiling Bracket for Bose Jewel Cube Speaker - Pair Black,B0BDTJKS7R,11,"USAV Wall Mount Ceiling Bracket for Bose Jewel Cube Speaker - Pair Black
Wall Mount Ceiling Bracket for Bose Jewel Cube Speaker - Pair - Black
Wall Mount Ceiling Bracket for Bose Jewel Double Cube Speaker - Pair - Black
Wall Mount Ceiling Bracket for Bose Lifestyle Cube Speaker - Pair - Black
Wall Mount Ceiling Bracket for Bose Double Cube Speaker - Pair - Black
Wall Mount  Bracket for Bose Lifestyle Cube Speaker - Pair - Black
USAV Wall Mount Ceiling Bracket for Bose Lifestyle Cube Speaker - Pair - Black
USAV Wall Mount Bracket for Bose Lifestyle Double Cube Speaker - Pair - Black","00097
00141","4U-QA2E-I18Q
D8-JQHT-6OFZ
QU-0W1L-CCVB
RB-MTD0-XQ4M","DRAGON_265955018402
MEKONG_156060950045
USAV_362818335330
USAV_362899571500
USAV_363087409825"
USAV 5 Speaker for Bose Lifestyle Acoustimass System RCA to Bare Wire,USAV Set of 5 Speaker Cable for Bose Lifestyle Acoustimass System - RCA to Bare Wire,B0BDTJNQ86,7,"USAV Set of 5 Speaker Cable for Bose Lifestyle Acoustimass System - RCA to Bare Wire
USAV Solutions Set of 5 Speaker Cable for Bose Lifestyle Acoustimass System - RCA to Bare Wire - White",04908,"9J-QJCT-M6WO
CK-AY3F-M0MM
F3-OVG8-05XK
FJ-YYXV-BKTN
TK-KCDT-JPMG
UI-65YK-BN0O",
Bose 251 Outdoor Environmental Speakers with Music Amplifier,"Bose 251 Outdoor Environmental Speakers (Pair), Black with Music Amplifier",B0BRMV6CJR,3,"Bose 251 Outdoor Environmental Speakers (Pair), White with Music Amplifier",04757-W-MA,"04987
7V-WUY1-HAYR",
Bose 2 Pack 251 Outdoor Environmental Speakers with H A 16 AWG Speaker Wire 100,"Bose 2 Pack 251 Outdoor Environmental Speakers (Pair), White with H&A 16 AWG Speaker Wire 100'",B0BRMV97WL,1,,,ML-GC06-Q6CD,
USAV 40FT Speaker for Rear Bose Cube Speaker Acoustimass Lifestyle Single,USAV 40FT Speaker Cable for Rear Bose Cube Speaker Acoustimass Lifestyle - Single,B0C773JZ9F,6,"40FT Speaker Cable for rear Bose cube speaker Acoustimass Lifestyle - Single
40FT White Speaker Cable for Bose Cube speaker Acoustimass Lifestyle - Single
40FT  White Speaker Cable for Bose Cube speaker Acoustimass Lifestyle - Single
20FT White Speaker Cable for Bose Cube speaker Acoustimass Lifestyle - Single","00806
00952",LB-HCMF-YD1N,"DRAGON_255581072743
DRAGON_255581077635
MEKONG_154448321901"
USAV Speaker for Bose Jewel Cube Speaker Wire 40ft,USAV OEM Replacement Speaker Cable for Bose Jewel Cube Speaker Cable/Wire 40ft,B0C777KR3Q,12,"OEM BOSE  JEWEL  CUBE SPEAKER CABLE/wire 40ft
OEM BOSE 'JEWEL' CUBE SPEAKER CABLE/wire 40ft  
OEM BOSE 'JEWEL' CUBE SPEAKER CABLE/wire 40ft
USAV OEM Bose 'Jewel' Cube Speaker Cable/Wire 20ft
OEM BOSE 'JEWEL' CUBE SPEAKER CABLE/wire 18'
Set of 5 OEM BOSE 'JEWEL' CUBE SPEAKER CABLE/wire  RCA to Bare Wire
OEM BOSE 'JEWEL' CUBE SPEAKER CABLE/wire 20ft","00054
00096
00812
01296
01297","01297
01297-1
1S-DW49-SIIS","DRAGON_255657085957
DRAGON_255657094884
MEKONG_157309016488
USAV_364029932611"
50 ft RCA to Bare Wire Speaker for Rear Bose Cube Speakers Acoustimass Lifestyle Systems Single,50 ft RCA to Bare Wire Speaker Cable for Rear Bose Cube Speakers/Acoustimass Lifestyle Systems � Single � White,B0C79M1QCM,3,"50 ft RCA to Bare Wire Speaker Cable for Rear Bose Cube Speakers/Acoustimass Lifestyle Systems  Single  White
50 ft RCA to Bare Wire Speaker Cable for Rear Bose Cube Speakers / Acoustimass Lifestyle Systems – Single – White",05061-N,"05061-N
RV-DAXK-2RQH",
USAV Bluetooth for Bose Wave Music System II III IV AWRCC1 AWRCC2,"USAV OEM Bluetooth Adapter for Bose Wave Music System II III IV AWRCC1, AWRCC2",B0C79P9K65,16,"USAV OEM Bluetooth Adapter for Bose Wave Music System II III IV AWRCC1, AWRCC2
USAV Bluetooth Adapter for  Bose Wave Music System II III IV  AWRCC1, AWRCC2
USAV Bluetooth Adapter for Bose Wave Music System II III IV AWRCC1, AWRCC2
2 in 1 Bluetooth Adapter for Bose Wave Music System II III IV AWRCC1, AWRCC2
USAV Bluetooth 5.0  Adapter for Bose Wave Music System II III IV AWRCC1, AWRCC2
USAV Bose Wave Music System II III IV AWRCC1, AWRCC2 - OEM Bluetooth Adapter Only
USAV  Bluetooth Adapter for  Bose Wave Music System IV III II AWRCC1, AWRCC2
USAV Bluetooth Adapter for Bose  Wave  Music System II III IV
Pair of OEM Bluetooth Adapter for  Bose Wave Music System II III IV
USAV OEM Bluetooth Adapter for Bose Wave Radio CD IV III II AWRCC1, AWRCC2
Bose Wave Soundlink Bluetooth Adapter for Bose  Wave Music System II AWRCC1 AWRCC2","01791
01791-1
03795","00952
5U-TN1A-Q7PR
AH-GZU6-NKEM
Amazon.Found.B0C79P9K65
BP-0CGL-JMO4
CD-5DX6-T10Y
NV-6VNP-5YFT
TA-PB4Y-AM84","MEKONG_155737788847
MEKONG_156377294949
MEKONG_156377302159
USAV_364107803306
USAV_364291098960"
USAV Bluetooth for Bose Wave Radio CD IV III II AWRCC1 AWRCC2,"USAV OEM Bluetooth Adapter for Bose Wave Radio CD IV III II AWRCC1, AWRCC2",B0C7B2RPM4,2,"USAV OEM Bluetooth Adapter for Bose Wave Radio CD IV III II AWRCC1, AWRCC2",,"89-USBJ-XMBY
CD-5DX6-T10Y",
USAV Bluetooth for Bose Acoustic Wave Music System II CD-3000,USAV OEM Bluetooth Adapter for Bose Acoustic Wave Music System II | CD-3000,B0C7BDQT63,7,"USAV Bluetooth Adapter for Bose Acoustic Wave Music System II | CD-3000
USAV Bluetooth Adapter for Bose Acoustic Wave Music System II CD-3000 Wave Radio
USAV Bluetooth Adapter for Bose Acoustic Wave Music System II | CD-3000 | Wave Radio I
Bose Wave Bluetooth Adapter for Bose Acoustic Wave Music System II
GENUINE Bose Antenna for Bose Acoustic Wave Music System II / CD-3000","01666
01791-9
05069",AP-0NMR-KXFK,"DRAGON_267454065649
MEKONG_155737995965
USAV_364207289872"
USAV Bluetooth for Bose Lifestyle Bose 321,USAV OEM Bluetooth Adapter for Bose Lifestyle | Bose 321,B0C7FJZC73,5,"USAV OEM Bluetooth Adapter for Bose Lifestyle | Bose 321
USAV Bluetooth Adapter for  Bose Lifestyle | Bose 321
USAV Bluetooth Adapter for Bose Lifestyle | Bose 321
Bluetooth Adapter for Bose Lifestyle System","01064
01791-4","CZ-G5NU-3JFT
Q7-QWV1-34DN",USAV_364107803793
USAV Bluetooth for Bose Wave Radio CD Player AWRC-1G AWRC-1P,USAV OEM Bluetooth Adapter for Bose Wave Radio CD Player AWRC-1G AWRC-1P,B0C7FKCYK2,8,"USAV OEM Bluetooth Adapter for Bose Wave Radio CD Player AWRC-1G AWRC-1P
USAV Bluetooth Adapter for  Bose Wave Radio CD player AWRC-1G AWRC-1P
USAV Bluetooth Adapter for Bose Wave Radio CD player AWRC-1G / AWRC-1P
OEM Bluetooth Adapter for  Bose Wave Radio CD player AWRC-1G AWRC-1P
Bose Wave Radio CD player AWRC-1G AWRC-1P -  USAV Bluetooth Adapter  Only
USAV Bluetooth Adapter for Wave Radio CD player AWRC-1G AWRC-1P
USAV Bluetooth Upgrade Kit for  Bose Wave Radio CD player AWRC-1G AWRC-1P",01791-6,"WO-8YFZ-LGXI
XQ-FIIT-24XA","MEKONG_155737997644
USAV_364160363000
USAV_365083487490
USAV_365352544456
USAV_365352567473"
USAV Bose Wall Brackets for Bose Cube Speaker Single,USAV Bose Wall Mount Brackets for Bose Cube Speaker - Single - Black,B0C7FKK5X1,3,"USAV Bose Wall Mount Brackets for Bose Cube Speaker - Single - Black
Genuine Bose Wall Mount brackets For Bose Cube speaker  - Single - Black",,"GY-O692-6QQH
M1-1IKQ-VWHL",USAV_363643020186
USAV Bose AV38 Media Center for Bose Lifestyle 38 48 Home Theater System,USAV Replacement Bose AV38 Media Center for Bose Lifestyle 38 48 Home Theater System,B0C7SSQDT6,7,"USAV Replacement Bose AV38 Media Center for Bose Lifestyle 38 48 Home Theater System
Replacement BOSE AV38 Media Center for Bose Lifestyle 38  48 Home Theater System
Replacement BOSE AV38 Media Center for Bose Lifestyle 38 48 Home Theater System
Replacement BOSE Media Center for Bose Lifestyle 38 48 Home Theater System","00103
00742-1","HP-HSCG-2T5X
JB-Z8SB-VMG0","DRAGON_255831161487
MEKONG_155605578584
USAV_363010248488"
Power Supply Model DCS91 33V 1 1A MAX for Bose AV18 AV28 AV38 AV48,Replacement Power Supply Model DCS91 Adapter 33V 1.1A MAX for Bose AV18 AV28 AV38 AV48,B0C86RY5HJ,2,Power Supply Model DCS91  Adapter 33V 1.1A MAX For Bose AV18 AV28 AV38 AV48,,KG-06MN-D5ZK,MEKONG_155610570645
USAV 16AWG 20FT Speaker Wire RCA Plug to Bare Wire for AV Receiver Speakers Stereo Wire Cord to RCA,"USAV 16AWG 20FT Speaker Wire RCA Adapter Plug to Bare Wire for AV Receiver, Speakers Stereo Wire Cord to RCA - Pair",B0C872MDMR,2,"USAV 16AWG 20FT Speaker Wire RCA Adapter Plug to Bare Wire for AV Receiver, Speakers Stereo Wire Cord to RCA - Pair",,"JG-LHIT-0ADH
XC-07TT-E19A",
USAV Solutions Speaker with Bose RCA for Bose Acoustimass 16 15 II,USAV Solutions Set of Black Speaker Cable with Bose RCA Adapter for Bose Acoustimass 16 15 II,B0C8BZJWD5,2,USAV Solutions Set of 6 Speaker Cable with Bose RCA Adapter for Bose Acoustimass 16 15 II,,"R9-LB06-59OO
Z1-I10Z-GDNU",
Bose 2 Prong Polarized Power Cord for Bose Lifestyle PS28 18 38 48 Series III Subwoofer,Replacement Bose 2 Prong Polarized Power Cord for Bose Lifestyle PS28 18 38 48 Series III Subwoofer,B0CGKM3Q7M,5,"Replacement Bose 2 Prong Polarized Power Cord for Bose Lifestyle PS28 18 38 48 Series III Subwoofer
Genuine Bose 2 Prong Power Cord for Lifestyle PS28 18 38 48 Series III Subwoofer
Genuine Bose 2 Prong Power Cord for Bose Lifestyle PS28 18 38 48 Series III",,"BP-GGTI-44CS
HN-B9UM-THO2","DRAGON_255584262923
DRAGON_266171350642
USAV_364274501667"
Bose S1 Pro Portable Bluetooth Speaker Wireless PA System,Bose S1 Pro+ Portable Bluetooth Speaker Wireless PA System,B0CJCV5YLQ,2,Bose S1 Pro+ Portable Bluetooth Speaker System,04872,,
USAV Solutions Bluetooth Transmitter for Bose Wave CD Player to Bluetooth Speakers,USAV Solutions Bluetooth Transmitter Adapter for Bose Wave CD Player to Bluetooth Speakers,B0CS21Y1F2,7,"Bluetooth transmitter  Adapter for Bose Wave CD Player to Bluetooth Speakers
Bluetooth transmitter Adapter for Bose Wave CD Player to BOSE Bluetooth Speakers
Bluetooth transmitter  Adapter for Bose Wave CD Player to BOSE Bluetooth Speakers
Bluetooth transmitter  Adapter Bose Wave CD Player to Bose Wireless Headphone
USAV Bluetooth transmitter  Adapter  - Bose Wave CD to Bose Bluetooth Speaker",01791-2,KL-R28R-99YU,"DRAGON_257184237943
MEKONG_155738008022
USAV_364184994644
USAV_364474047225
USAV_365183503070"
USAV Bluetooth for Bose Lifestyle 18 28 38 48 V25 V35 T20 T30 System,USAV Bluetooth Adapter for Bose Lifestyle 18 28 38 48 V25 V35 T20 T30 System,B0CS262PYJ,4,"USAV Bluetooth Adapter for Bose Lifestyle 18 28 38 48 V25 V35 T20 T30 System
OEM Bluetooth Adapter for  Bose Lifestyle 18 28 38 48 V25 V35 T20 T30 System
USAV Bluetooth Adapter for Bose Lifestyle 18 28 38 48 V35 V25 V30 V20 T20 525",,"QA-KXUM-B8NU
WB-UH4F-TAP2","MEKONG_156503280146
USAV_364109914588"
USAV Bluetooth for Bose Wave Music System with Multi CD Changer,USAV OEM Bluetooth Adapter for Bose Wave Music System with Multi CD Changer,B0CS277DCR,10,"USAV Bluetooth Adapter for  Bose Wave Music System with Multi CD Changer
OEM Bluetooth Adapter for Bose Wave Music System with Multi CD Changer
USAV Bluetooth Adapter for Bose Wave Music System (USAV Bluetooth Adapter for Bose Wave Music System Only)
Bose Wave Music System   -  USAV Bluetooth Adapter Only
USAV Bluetooth Adapter for Bose Wave Multi CD Changer w Wave Music System
USAV Bluetooth Adapter for Bose Cinemate System
USAV Bluetooth Adapter for Bose Wave Music System
USAV Bluetooth Adapter for  Bose Lifestyle | Bose 321
USAV Bluetooth Adapter for Bose Lifestyle | Bose 321","01791-4
01791-7","7U-G03G-5QZ2
86-977J-78GA
B2-EH91-J3OB","MEKONG_155737849286
MEKONG_155759765642
MEKONG_157449915235
USAV_364107803793
USAV_364466015059"
Bluetooth Upgrade Kit for Bose Lifestyle V25 AV35,Bluetooth Upgrade Kit for Bose Lifestyle V25 AV35,B0CS2B4RGR,2,Bluetooth Upgrade Kit for Bose Lifestyle V25 AV35,,6P-601Q-EMU0,DRAGON_266642709378
Bluetooth Music 30 Pin Receiver for Bose Sounddock I II,OEM Bluetooth Music 30 Pin Receiver Adapter for Bose Sounddock I II,B0CS2CNM3P,2,OEM Bluetooth Music 30 Pin Receiver Adapter  for  Bose Sounddock I II,,UB-A43J-2DXC,USAV_364200292226
Bluetooth Music 30 Pin Receiver for Bose Sounddock Portable,OEM Bluetooth Music 30 Pin Receiver Adapter for Bose Sounddock Portable,B0CS2D3VH4,3,"OEM Bluetooth Music 30 Pin Receiver Adapter  for  Bose Sounddock Portable
OEM Bluetooth Music 30 Pin Receiver Adapter  for  Bose Sounddock 10",,OK-A5PT-B4AV,"USAV_364200298386
USAV_364200312050"
Bose Smart Soundbar 600 with Wireless Surround Speakers Bass Module 500,"Bose Smart Soundbar 600, Black Bundle with Wireless Surround Speakers (Pair), Bass Module 500",B0CVPVC6ZG,2,"Bose Smart Soundbar 600, Black Bundle with Wireless Surround Speakers (Pair), Bass Module 500 (Soundbar + Bass)",,6W-CIT2-SJHT,
USAV 5 Wall Brackets for Bose Lifestyle Satellite Speaker,USAV Set of 5 Wall Mount Brackets for Bose Lifestyle Satellite Speaker - Black,B0CVQZ52NX,4,"Set Of 5 Wall Mount brackets  For Bose Lifestyle Satellite speaker - Black
Set Of 5 Wall Mount brackets For Bose Lifestyle Satellite speaker - Black
Set Of 5 Wall Mount brackets  For Bose Lifestyle Satellite speaker - Black  - FREE SHIPPING","00136
00136-1",9W-56HJ-LL6X,USAV_362771005155
USAV Wall Brackets for Bose 101 Speaker,USAV Wall Mount Brackets for White Bose 101 Speaker - Pair,B0CVR15NP8,8,"Wall Mount brackets For White Bose 101 speaker - Pair
Steel Wall Mount brackets For Bose 151 101 speaker - Pair 
Steel  Wall Mount brackets For   Bose 151 101 speaker - PAIR
Steel Wall Mount brackets For Bose 151 101 speaker - Pair","00107
01204-2
01615",NY-7XO9-WCNT,"DRAGON_265730213229
MEKONG_156130077997
USAV_362745869207
USAV_363059832032"
USAV Plastic Wall for Bose Acoustimass AM-5 Speaker,USAV Plastic Wall Mount Bracket for Bose Acoustimass AM-5 Speaker - Black -Pair,B0CVR2MJNR,3,"Plastic wall mount bracket for Bose Acoustimass AM-5 Speaker - Black -Pair
Plastic wall mount bracket for Bose Acoustimass AM-5  Speaker - Black -Pair",04751,NM-GPNR-43JQ,MEKONG_154641169552
USAV 5 Wall Brackets for Bose Acoustimass Satellite Speaker,USAV Set of 5 Wall Mount Brackets White for Bose Acoustimass Satellite Speaker,B0CVR2P6S7,5,"Set Of 5 Wall Mount brackets White For Bose Acoustimass Satellite speaker
Set Of 5 Wall Mount brackets White For Bose Acoustimass Satellite speaker - FREE SHIPPING
Set Of 5 Wall Mount brackets White For Bose Lifestyle Satellite speaker
Set of 5 Wall Mount brackets For Bose Lifestyle Satellite speaker - WHITE",00138,71-90UE-7GOM,"MEKONG_156140563703
USAV_362727589701
USAV_362755139274"
USAV Wall Brackets for Bose Cube Speaker,USAV Wall Mount Brackets for Bose Cube Speaker - White Pair,B0CVR4HCTS,3,"Wall Mount brackets For Bose Cube speaker - White Pair
Metal Wall Mount bracket For Bose Cube Lifestyle speaker - White PAIR",,PH-D5LD-QD0F,"DRAGON_255650910410
USAV_362662893053"
USAV Wall Ceiling for Bose Jewel Double Cube Speaker,USAV Wall Mount Ceiling Bracket for Bose Jewel Double Cube Speaker - Pair - White,B0CVRR8VFM,13,"USAV Wall Mount Ceiling Bracket for Bose Jewel Double Cube Speaker - Pair - White
Wall Mount Ceiling Bracket for Bose Jewel Double Cube Speaker - Pair - White
Wall Mount Ceiling Bracket for Bose Lifestyle Cube Speaker - Pair - White
USAV Solutions Wall Mount Ceiling Bracket for Bose Lifestyle Cube Speaker - Pair - White
Wall Mount Ceiling Bracket for Bose Lifestyle Jewel Cube Speakers - Pair - White","00076
00150","00076
RS-YRAS-ZCT7
S4-5B6W-QGMP","DRAGON_265735746857
DRAGON_265735751795
DRAGON_265801552166
DRAGON_265808661486
MEKONG_154530969197
MEKONG_154531856515
USAV_362857431492
USAV_362877050485"
Bose Smart Ultra Dolby Atmos Soundbar,"Bose Smart Ultra Dolby Atmos Soundbar, Black, Bundle",B0CX7XC92F,1,,,,
USAV Bluetooth for AV Receiver 2 Channel Power Amplifier Stereo Mixer Karaoke Amplifier System Home Theater System,"USAV Bluetooth Adapter for AV Receiver, 2 Channel Power Amplifier, Stereo Mixer Karaoke Amplifier System, Home Theater System",B0CZ5WTK77,1,,,Q9-TJQX-Q9LF,
Bose Wave Music System Iii integrated stereo system,Bose Wave Music System Iii integrated stereo system,B0CZTRX1ZR,4,"Bose Wave Radio Iii integrated stereo system
Bose Wave Music System Iii With Multi-Cd Changer integrated stereo system
Wave® Music System III with Multi-CD Changer - Titanium Silver",,C9-GRCZ-B7J0,
Bose Soundlink Mini Bluetooth Speaker Bluetooth Tabletop Ac Battery Outdoor speakers,Bose Soundlink Mini Bluetooth Speaker Bluetooth Tabletop Ac & Battery Outdoor speakers,B0CZTSRW3J,4,"Bose SoundLink Mini Bluetooth Speaker
BOSE SoundLink Mini Bluetooth Speaker",01134,72-ARCD-FTCA,MEKONG_154593225839
Bose Bose Portable Smart Speaker Wi-Fi Bluetooth Floor Standing Tabletop Battery Powered Soundbar speakers,"Bose Bose Portable Smart Speaker Wi-Fi,Bluetooth Floor Standing, Tabletop Battery Powered Soundbar speakers",B0CZTSWZRF,1,,,,
Bose Wave Music System With Multi-Cd Changer integrated stereo system,Bose Wave Music System With Multi-Cd Changer integrated stereo system,B0CZTSZJW8,2,Bose Wave Music System with Multi-CD Changer - Titanium Silver,,,DRAGON_257184170326
Bose 151 Se Environmental Wifi 34103 Shelf Corded Electric Outdoor speakers,Bose 151 Se Environmental Wifi 34103 Shelf Mount Corded Electric Outdoor speakers,B0CZTT4XDC,1,,,,
Bose Soundlink Color Bluetooth Usb 627840 speakers,"Bose Soundlink Color Bluetooth,Usb 627840 speakers",B0CZTT7QZG,1,,,,
Bose Ub-20 Speakers Wall portable electronic device,Bose Ub-20 Speakers Wall Mount portable electronic device mount,B0CZTT9TV5,1,,,,
Bose Ultra Soundbar Wi-Fi Bluetooth 882963 Tabletop Corded Electric Soundbar speakers,"Bose Ultra Soundbar Wi-Fi,Bluetooth 882963 Tabletop Corded Electric Soundbar speakers",B0CZTTB13Z,1,,,,
Bose Wb-50 Series Ii Slideconnect Speakers 834232 portable electronic device,Bose Wb-50 Series Ii Slideconnect Bracket Speakers 834232 portable electronic device mount,B0CZTTCHBW,1,,,,
Bose Bass Module 700 Wireless Subwoofer headphones,Bose Bass Module 700 Wireless Subwoofer headphones,B0CZTTGJC2,2,Bose Bass Module 700,01640-1,,
Bose Soundtouch Music System Iv 738031 integrated stereo system,Bose Soundtouch Music System Iv 738031 integrated stereo system,B0CZTTGND8,1,,,,
Bose 161 Speaker System Shelf Corded Electric Bookshelf speakers,Bose 161 Speaker System Shelf Mount Corded Electric Bookshelf speakers,B0CZTTNX15,1,,,,
Bose Wave Music System Ii integrated stereo system,Bose Wave Music System Ii integrated stereo system,B0CZTTS3DB,1,,,,
Bose Wave Radio Iii integrated stereo system,Bose Wave Radio Iii integrated stereo system,B0CZTTWXJV,2,Bose Wave Music System Iii integrated stereo system,,,
Bose 301-V Stereo Bluetooth Shelf Corded Electric Bookshelf Tweeter Woofer speakers,"Bose 301-V Stereo Bluetooth Shelf Mount Corded Electric Bookshelf,Tweeter,Woofer speakers",B0CZTTXBMV,1,,,,
Bose Surround Speakers Nfc Optical 809281 Bar Corded Electric Surround Sound speakers,"Bose Surround Speakers Nfc,Optical 809281 Bar Mount Corded Electric Surround Sound speakers",B0CZTTXC1C,1,,,,
Bose Wave Music System With Connect Kit For Ipod integrated stereo system,Bose Wave Music System With Connect Kit For Ipod integrated stereo system,B0CZTVCT8K,3,Bose Wave® Music System with Connect kit for iPod® - Titanium Silver,04917,CF-TVLO-JBJ2,
Bose Wave Soundtouch Music System integrated stereo system,Bose Wave Soundtouch Music System integrated stereo system,B0CZTVM2QX,2,Bose Wave Music System integrated stereo system,,,
Bose Home Speaker 300 Wifi Bluetooth 808429 Tabletop Corded Electric Multi Room speakers,"Bose Home Speaker 300 Wifi,Bluetooth 808429 Tabletop Corded Electric Multi Room speakers",B0CZTVNDDM,1,,,,
Bose Ub-20 Series Ii Wall Ceiling 722141 portable electronic device,Bose Ub-20 Series Ii Wall/Ceiling Bracket 722141 portable electronic device mount,B0CZTVR9Z7,1,,,,
Bose Acoustimass 5 Series V Stereo Tabletop Corded Electric Stereo Speakers speakers,Bose Acoustimass 5 Series V Stereo Tabletop Corded Electric Stereo Speakers speakers,B0CZTVVMK9,1,,,,
Bose Soundlink Color Ii Bluetooth Freestanding Plug Battery Powered Portable Bluetooth Speakers speakers,"Bose Soundlink Color Ii Bluetooth Freestanding,Plug Mount Battery Powered Portable Bluetooth Speakers speakers",B0CZTW2XKG,1,,,,
Bose Surround 700 Hdmi 834402 Plug Bar Corded Electric Surround Sound speakers,"Bose Surround 700 Hdmi 834402 Plug Mount,Bar Mount Corded Electric Surround Sound speakers",B0CZTWVY2B,1,,,,
Bose Wave Music System Iii 343178 integrated stereo system,Bose Wave Music System Iii 343178 integrated stereo system,B0CZTX2KLZ,1,,,,
USAV 5 Metal SlideConnect Wall for Bose Acoustimass 10 Series V 6 Series V,USAV Set of 5 Metal SlideConnect Wall Bracket for Bose Acoustimass 10 Series V / 6 Series V,B0D1XL6PB7,3,"Set of 5 Metal SlideConnect  Wall bracket For Bose Acoustimass 6 Series V
Set of 5 Metal SlideConnect  Wall bracket For Bose Acoustimass 10 Series V",,OC-9LMG-XUB5,"USAV_364292247745
USAV_364292247887"
Bose Soundlink Max Portable Speaker Bluetooth No Battery Powered Outdoor Speakers,Bose Soundlink Max Portable Speaker Bluetooth No Mount Battery Powered Outdoor Speakers,B0D4V5S1YS,2,Bose SoundLink Max Portable Speaker,04868,,
Bose Wave Music System With Multi-Cd Changer Auxiliary Audio Cd Player,Bose Wave Music System With Multi-Cd Changer Auxiliary Audio Cd Player,B0D5QW17BW,1,,,,
Bose Sounddock Series Ii Iphone 5 Lightning Electronic Device Docking Station,Bose Sounddock Series Ii Iphone 5 Lightning Electronic Device Docking Station,B0D5QW92ST,1,,,,
USAV Bluetooth for Bose Wave Music System IV Wave Radio IV,USAV Bluetooth Adapter for Bose Wave Music System IV/Wave Radio IV,B0D6DNFF1F,9,"USAV Bluetooth Adapter for  Bose Wave Music System IV / Wave Radio IV
USAV Bluetooth Adapter for  Bose Wave Music System  IV
USAV Bluetooth Adapter for Bose  Wave  Music System II III IV
Genuine  Bose  Bluetooth Adapter for  Bose Wave Music System IV  III
USAV  Bluetooth Adapter for  Bose Wave Music System IV III II AWRCC1, AWRCC2
USAV Bluetooth Adapter for  Bose Wave Radio IV III II Awr1b1 Awr1b2",01791,GR-FP24-EGQ9,"DRAGON_266250540160
MEKONG_155737788847
MEKONG_155754386722
MEKONG_157610417620
USAV_364116757760
USAV_364884833839
USAV_365266739987"
USAV Bose Wave Music AWRCC1 AWRCC2 Upgrade Kit for Bose Wave Bluetooth Music,USAV Bose Wave Music AWRCC1 AWRCC2 Upgrade Kit for Bose Wave Bluetooth Music Adapter,B0D6DR7ZPJ,2,Genuine  Bluetooth Adapter Upgrade Kit for Bose Wave Music System AWRCC1 AWRCC2,,W8-SLSO-1JUC,USAV_364949291956
Wave Multi-CD Changer for Wave Music System IV,Wave Multi-CD Changer Silver for Wave Music System IV,B0D6JHWN1D,3,"Wave Multi-CD Changer Silver for Wave Music System IV
Bose Wave Multi-CD Changer, Silver  (for Wave music system IV)",,"IH-JITK-EYJK
L5-P3G2-E1IG",DRAGON_256517881061
CD Processor PCB for Bose Wave Music System AWRCC1 AWRCC2 269837-001,"Replacement CD Processor PCB for Bose Wave Music System AWRCC1 AWRCC2, 269837-001",B0D6K3VBNB,4,"Replacement CD Processor PCB for Bose Wave Music System AWRCC1 AWRCC2 269837-001
Replacement CD Processor PCB for Bose Wave Awrcc1 Awrcc2 269837-001",01200,RG-TL63-7KXX,"DRAGON_267454012491
USAV_364254762717"
Bose AV 130 Control Console for Bose Cinemate 130 Soundtouch 130,Replacement Bose AV 130 Control Console for Bose Cinemate 130/ Soundtouch 130,B0D6LWQ74M,9,"Replacement Bose AV 130 Control Console for Bose Cinemate 130/ Soundtouch 130
Replacement Bose AV 130 Control Console  for Bose Cinemate Soundtouch 130
Replacement Bose AV 130 Control Console  for Bose Cinemate  Soundtouch 130
Replacement Bose AV 130 Control Console  w Remote for  Bose   Soundtouch 130
Replacement Bose Control Console for Bose Soundtouch 130 | Bose Cinemate 130",01357,"01357-N
01357-NF
HR-W7VB-BQ2S","DRAGON_256770620262
DRAGON_256911660175
DRAGON_266889574870
USAV_364274422058
USAV_364295145944"
USAV Solutions Bose Speaker Driver for Bose Wave Music System AWRCC1 AWRCC2,USAV Solutions Replacement Bose Speaker Driver for Bose Wave Music System AWRCC1 AWRCC2,B0D6LYVQS7,4,"Replacement Bose Speaker Driver for Bose Wave Music System AWRCC1 AWRCC2
Bose Speaker Driver for Bose Wave Music System AWRCC1 AWRCC2
Bose Speaker Driver for Bose Wave Music System AWRCC1 AWRCC 2 (Single)","00769
01963",49-UNZN-Y8T7,USAV_363493401792
USAV Solutions Bose Wave Music II AWRCC1 Main Motherboard Circuit Board 283027-001,USAV Solutions Replacement Bose Wave Music II AWRCC1 Main Motherboard Circuit Board 283027-001,B0D6LZ9JYN,2,Bose Wave Music II AWRCC1   Main Motherboard Circuit Board 283027-001,,GL-S7Q0-O4ZJ,DRAGON_266739069278
Bose Smart Dolby Atmos Soundbar All-in-One Soundbar for TV A I Dialogue Mode Voice Control and Amazon Alexa Built-in Supports Bluetooth AirPlay Spotify Connect Chromecast,"Bose Smart Dolby Atmos Soundbar, All-in-One Soundbar for TV, A.I. Dialogue Mode, Voice Control and Amazon Alexa Built-in, Supports Bluetooth/AirPlay/Spotify Connect/Chromecast, Black",B0D6W8XQ6J,2,"Bose Smart Dolby Atmos Soundbar, All-in-One Soundbar for TV, A.I. Dialogue Mode, Voice Control and Amazon Alexa Built-in, Supports Bluetooth/AirPlay/Spotify Connect/Chromecast, Black",,"N2-SXAJ-6CIW
SN-UKGB-8CVF",
Bose Control Console for Bose Lifestyle V25 V35 135,Replacement Bose Control Console for Bose Lifestyle V25 V35 135,B0D7KFBH39,13,"Replacement Bose Control Console for Bose Lifestyle V25 V35 135
Replacement Bose Control Console  for Bose Lifestyle V25 V35  135, Refurbished
Replacement Bose Control Console  for Bose Lifestyle V25 V35  135
NEW Replacement Bose Control Console for Bose Lifestyle V25 V35 135
Replacement Bose Control Console  for Bose Lifestyle V25 V35 235 135
Replacement Bose Control Console  Bose AV35 for Bose Lifestyle V25 V35  135
Replacement Bose Control Console for Bose Lifestyle V25 V35 135, USAV Refurbished","01129
01130","01130-LN
77-3QJO-XTVO
D6-NL91-DTCE
EQ-QFLW-VNRR
QV-FPBC-J67T
R0-SI2E-ZJF9","DRAGON_256220338318
DRAGON_256857543088
MEKONG_155671978947
USAV_363521781241
USAV_363521782633"
Control Console AV20 Unit for Lifestyle T20 T10 System,Replacement Control Console AV20 Unit for Lifestyle T20 T10 System,B0D7KGQSXL,7,Replacement Control Console AV20 Unit for Lifestyle T20 T10 System,01899-1,"01899-N
BP-4ZFL-OIIN
HP-CV7X-1R8S
JY-CX70-4MO1","MEKONG_157425090564
MEKONG_157425112279"
Bose QuietComfort Wireless Noise Cancelling Earbuds Lifestyle Bluetooth Earbuds with Active Noise Cancellation Up to 8 5 Hours of Battery Life,"Bose New QuietComfort Wireless Noise Cancelling Earbuds, Lifestyle Bluetooth Earbuds with Active Noise Cancellation, Up to 8.5 Hours of Battery Life",B0DGTP4TNZ,1,,,,
Bose RCV1T-27 Control for Bose Lifestyle V30 V20 V10 MC1,Replacement Bose RCV1T-27 Remote Control for Bose Lifestyle V30 V20 V10 MC1,B0DLCSFZ12,1,,,GM-MN1X-F8QO,
USAV Solutions HDMI Output Upgrade Kit for Bose AV18 AV28 AV38 AV48 Media Center,USAV Solutions HDMI Output Upgrade Kit for Bose AV18 AV28 AV38 AV48 Media Center,B0DNWT69PR,6,"USAV Solutions HDMI Output Upgrade Kit for Bose AV18 AV28 AV38 AV48 Media Center
HDMI Output Upgrade Kit For Bose Lifestyle AV18 AV28 AV38 AV48",00168,"01218
01218-FBA","DRAGON_265735795821
MEKONG_154537053143
USAV_362779907881"
2 75-Inch Bose Wave Full-Range Speaker 25 Watts Cloth Edge,"Replacement 2.75-Inch Bose Wave Full-Range Speaker, 25 Watts, Cloth Edge",B0DNWVF1PF,3,"Replacement 2.75-Inch Bose Wave Full-Range Speaker, 25 Watts, Cloth Edge
Refurbished BOSE 2.75-Inch Wave Full-Range Speaker with Cloth Edge - 25 Watts",04911,F8-O398-D9YB,USAV_365247915220
USAV Solutions Bose 321 Speaker,USAV Solutions Bose 321 Speaker Cable,B0DPBTXDFL,1,,,BZ-DJ8D-GXUP,
Subwoofer for Bose 3-2-1 321 Series II Acoustimass Module Only,Replacement Subwoofer for Bose 3-2-1 321 Series II - Acoustimass Module Only,B0DW5Z1TZR,4,"Replacement Subwoofer for Bose 3-2-1 321 Series II - Acoustimass Module Only
replacement Subwoofer for  Bose CineMate Series II
NEW Bose 321 Series II Acoustimass module  Subwoofer","01065
01065-N1",W7-59QN-KE6I,MEKONG_156380401465
Bose 3 2 1 Home Entertainment System Series I Subwoofer Only,Replacement Bose 3�2�1� Home Entertainment System (Series I) Subwoofer Only,B0DW6GZZC7,1,,,EQ-TCIV-7XRH,
USAV Solutions Ribbon for Wave Music System Compatible with AWRCC1 AWRCC2,USAV Solutions Replacement Ribbon Cable for Wave Music System Compatible with AWRCC1 AWRCC2,B0DWCG9353,3,USAV Solutions Replacement Ribbon Cable for Wave Music System Compatible with AWRCC1 AWRCC2,,"A3-HRU6-7UKB
BO-R1EK-QS1Q
YY-WWNK-EOSX",
Bose Control for 321 Series II III and GS Series II III Home Entertainment Systems,"Bose Remote Control, Replacement for 321 Series II III and GS Series II III Home Entertainment Systems, Black",B0F3FVT2M4,12,"Bose Remote Control, Replacement for 321 Series II III and GS Series II III Home Entertainment Systems, Black
Genuine Bose OEM Remote Control for Bose 321 Series II, III and GS Series II, III Home Entertainment Systems
Genuine Bose OEM Remote Control for Bose 321 Series II, III and GS Series II, II","01287
04776","00056
3B-9JUX-SVQ1
5L-7MEX-JECS
7C-4B3M-U5FA
G2-4ISX-0710
GV-89J4-JK6R
KY-XL1C-BUV3
LD-516V-3119
XI-1WOG-LJWL",MEKONG_156380411967
Control Model RC18T1-27 for Bose for Lifestyle 18 28 Series III Lifestyle AV18,"Replacement Remote Control Model RC18T1-27 for Bose for Lifestyle 18, 28 Series III, Lifestyle AV18",B0F3G6J45B,4,"Replacement Remote Control Model RC18T1-27 for Bose for Lifestyle 18, 28 Series III, Lifestyle AV18
RC18T1-27 Remote for Bose Lifestyle 18 28 Series III AV18",01358,"01358
KU-H5F6-EH01",MEKONG_157445274194
AC for Bose SoundLink Mini Bluetooth Speaker Wall Charger,Replacement AC Adapter for Bose SoundLink� Mini Bluetooth� Speaker Wall Charger,B0F3MJ8D8F,4,"Replacement AC Adapter for Bose SoundLink® Mini Bluetooth® Speaker Wall Charger
Bose SoundLink® Mini Bluetooth® Speaker Wall Charger
Replacement Bose SoundLink® Mini Bluetooth® Speaker Wall Charger",04896,"04896
6R-FBQZ-2LXL",USAV_365354524518
Bose Control Console for Bose Lifestyle Soundtouch 535 525 235 135 Series I II III,Replacement Bose Control Console for Bose Lifestyle Soundtouch 535/525/235/135 Series I/II/III,B0F3Q9RFC6,6,"Replacement Bose Control Console for Bose Lifestyle Soundtouch 535/525/235/135 Series I/II/III
Refurbished Bose Control Console Lifestyle Soundtouch 535/525/235/135 I/II/III",01217,"01217-N
1H-E3PR-6GS2
GA-7AD5-49MA
MY-F73I-ITWM",DRAGON_257184466542
Bose AV 520 Control Console for Bose Cinemate 520 Soundtouch 520,Replacement Bose AV 520 Control Console for Bose Cinemate 520/ Soundtouch 520,B0F3QG1GK4,12,"Replacement Bose AV 520 Control Console for Bose Cinemate 520/ Soundtouch 520
Replacement Bose AV 520 Control Console  for Bose Cinemate 520/ Soundtouch 520
New Replacement Bose AV 520 Control Console for Bose Cinemate 520/ Soundtouch","01355
01355-N","01355-C
01355-LN
01355-N
9O-THPJ-FZXT
NS-1FQ1-UC0L","DRAGON_256182386478
DRAGON_257183162168
DRAGON_257208349812
DRAGON_267286963741
USAV_364274412724"
USAV Solutions Bose Lifestyle 16 Long Acoustimass Audio Input 9 pin Male Media Center to Subwoofer,USAV Solutions Replacement Bose Lifestyle 16 ' Long Acoustimass Audio Input Cable 9 pin Male (Media Center to Subwoofer),B0F64B9CY2,2,Replacement  Bose Lifestyle 16 ' Long Acoustimass Audio Input Cable 9 pin Male (Media Center to Subwoofer),04927-16,04927-N,
5 1 Surround Sound Speaker System Bose Home Theater Setup with 4 Satellite Speakers and Center Speaker,"5.1 Surround Sound Speaker System, Bose Home Theater Setup with 4 Satellite Speakers and Center Speaker, Black",B0F6QZNFRK,2,"5.1 Surround Sound Speaker System, Bose Home Theater Setup with 4 Satellite Speakers and Center Speaker, Black",05089-1,3C-V5QW-7KM0,
Bose Control 321 GSX III II,Replacement Bose Remote Control 321 GSX III II,B0F6VZHW91,4,BOSE Remote Control 321 Gsx III,,"01944
5X-GG4U-V4SO
DY-ZF45-TYOY
ND-9JFI-L9R0",
Bluetooth WiFi SoundTouch Pedestal for Bose Wave Music System IV,Replacement Bluetooth WiFi SoundTouch Pedestal for Bose Wave Music System IV Espresso Black,B0F6WHQJNX,12,"Replacement Bluetooth WiFi SoundTouch Pedestal for Bose Wave Music System IV Espresso Black
Replacement Bluetooth WiFi SoundTouch Pedestal for Bose Wave Music System IV Silver
Replacement Bluetooth WiFi SoundTouch Pedestal for Bose Wave Music System IV
Bose Wave WiFi SoundTouch Pedestal for Bose Wave Music System IV Silver
Bose SoundTouch Pedestal for Bose Wave Music System IV SILVER
Bose  Bluetooth Wifi Soundtouch Adapter for Bose Wave Music System IV Silver
Replacement Bose Wave Bluetooth WiFi SoundTouch Pedestal Silver for Bose Wave Music System IV","01901-S
01901-S-1
03783","01900
01900-F
01900-N
03783-C
03783-N
03783-N1
9N-4A0F-OAKV","MEKONG_157445534490
USAV_364607777103"
Bose Single Cube Speaker for Bose Lifestyle Acoustimass Home Theater Speaker System,Replacement Bose Single Cube Speaker for Bose Lifestyle Acoustimass Home Theater Speaker System,B0F8GQNNTT,10,"Replacement Bose Single Cube Speaker (White) for Bose Lifestyle Acoustimass Home Theater Speaker System
Replacement Bose Single Cube Speaker for Bose Lifestyle Acoustimass Home Theater Speaker System
Bose Single Cube Speaker for Bose Acoustimass® 6 home theater speaker system","00153
00153-N
05004","05003
05004
05004-A
0D-9WFS-J4U1
NV-E7S6-TME8
ZU-2VE4-E3YF",USAV_362922243831
USAV Solutions Jewel Cube II Center Channel Speaker Compact Design High-Performance Audio Wired Connectivity for Home Theater System,"USAV Solutions Replacement Jewel Cube II Center Channel Speaker, White, Compact Design, High-Performance Audio, Wired Connectivity, for Home Theater System",B0FGKN3BWP,3,"USAV Solutions Replacement Jewel Cube II Center Channel Speaker, White, Compact Design, High-Performance Audio, Wired Connectivity, for Home Theater System
Bose Jewel Cube II Center Channel Speaker, White, Compact Design, High-Performance Audio, Wired Connectivity, for Home Theater System",05026,"05026
05026-F",
USAV Solutions Update Disk Copy for Bose Wave Multi CD Changer,USAV Solutions Update Disk Copy for Bose Wave Multi CD Changer,B0FP3SC5HL,2,USAV Solutions Update Disk Copy for Bose Wave Multi CD Changer,,"0C-8YG4-NGMA
AS-GK32-YYMW",
USAV Solutions Mounting for Bose 151 SE or 161 Speaker Single,USAV Solutions Replacement Mounting Bracket for Bose 151 SE or 161 Speaker - White - Single,B0FP3V344P,3,"  Genuine Bose Mounting bracket for Bose 151 SE or 161 Speaker - White -Single
Genuine Bose Mounting bracket for Bose 151 SE or 161 Speaker - white -Single",01223,5A-6TOS-MQXA,USAV_363571133239
USAV Solutions Mounting for Bose 151 SE and 161 Speakers Plastic Wall Single with Mounting Hardware,"USAV Solutions Replacement Mounting Bracket for Bose 151 SE and 161 Speakers, Black, Plastic Wall Mount, Single Bracket with Mounting Hardware",B0FP4D8QMZ,3,"USAV Solutions Replacement Mounting Bracket for Bose 151 SE and 161 Speakers, Black, Plastic Wall Mount, Single Bracket with Mounting Hardware",,"01726
01726-N
LW-FK0C-Q4T3",
USAV Solutions Bose 321 Acoustimass Link for Series II III Home Theater Systems,USAV Solutions Bose 321 Acoustimass Link Cable Replacement for Series II/III Home Theater Systems,B0FP77VHGR,9,"USAV Solutions Bose 321 Acoustimass Link Cable Replacement for Series II/III Home Theater Systems
Bose 321 Acoustimass Link Cable for Series II or III Home Theater Systems
25FT Bose 321 Acoustimass Link Cable for Series II or III Home Theater Systems","00003
00003-1","1H-QCLX-0FFE
5X-JHD9-U12Y
6S-BFC8-X9MO
D0-13PO-SZQV
DX-N267-CKU4
P5-MEVY-W8Q5
XN-DCXO-AXB2",
Bose Acoustimass Double Cube Speaker,Replacement Bose Acoustimass Double Cube Speaker (White),B0FTB63DVY,6,"Replacement Bose Acoustimass Double Cube Speaker (White)
Bose Double cube speaker white.",,"00118
00118-N
3U-8IVH-7DKB
GP-N62O-GXFU
JT-HUJR-ZMDU
W5-UNHW-BCM2",
USAV Solutions DVD Drive IDE for Bose Lifestyle 18 28 38 48 AV38 AV48 AV28 AV18,USAV Solutions Replacement DVD Drive IDE for Bose Lifestyle 18 28 38 48 AV38 AV48 AV28 AV18,B0FVW3YCHH,6,"USAV Solutions Replacement DVD Drive IDE for Bose Lifestyle 18 28 38 48 AV38 AV48 AV28 AV18
Replacement DVD Drive Part For Bose Lifestyle 18 28 38 48 AV38 AV48 AV28 AV18","00126
00126-1","00126-1
01704","MEKONG_154103831382
USAV_362887427244"
Control for Bose CineMate Series II Digital Home Theater System,Replacement Remote Control for Bose CineMate Series II Digital Home Theater System,B0FXYGCYPX,1,,,00032,
